Alert_ID,Timestamp,Node_ID,Sensor_Val,Rain,Status
LOG_1768727891065,2026-01-18T09:18:11.065Z,NODE_01,"S2:51.969|S3:66.538",4095,3246
LOG_1768728472035,2026-01-18T09:27:52.035Z,NODE_01,"S3:57.681",4095,3232
LOG_1768728484019,2026-01-18T09:28:04.019Z,NODE_01,"S3:58.106",4095,3481
LOG_1768728513095,2026-01-18T09:28:33.095Z,NODE_01,"S3:56.916",4095,3789
LOG_1768728529274,2026-01-18T09:28:49.274Z,NODE_01,"S3:51.833",4095,3483
LOG_1768728541892,2026-01-18T09:29:01.892Z,NODE_01,"S3:57.749",4095,3443
LOG_1768728567305,2026-01-18T09:29:27.305Z,NODE_01,"S3:58.106",4095,3933
LOG_1768728580272,2026-01-18T09:29:40.272Z,NODE_01,"S3:57.324",4095,4120
LOG_1768728597232,2026-01-18T09:29:57.232Z,NODE_01,"S3:57.681",4095,4164
LOG_1768728607612,2026-01-18T09:30:07.612Z,NODE_01,"S3:45.356",4095,3278
LOG_1768728616109,2026-01-18T09:30:16.109Z,NODE_01,"S3:52.258",4095,3353
LOG_1768728624915,2026-01-18T09:30:24.915Z,NODE_01,"S3:56.508",4095,3686
LOG_1768728640890,2026-01-18T09:30:40.890Z,NODE_01,"S3:45.764",4095,3481
LOG_1768728647755,2026-01-18T09:30:47.755Z,NODE_01,"S3:57.664",4095,3276
LOG_1768728667416,2026-01-18T09:31:07.416Z,NODE_01,"S3:58.106",4095,3025
LOG_1768728687007,2026-01-18T09:31:27.007Z,NODE_01,"S3:56.491",4095,3516
LOG_1768728696290,2026-01-18T09:31:36.290Z,NODE_01,"S3:52.258",4095,3687
LOG_1768728709910,2026-01-18T09:31:49.910Z,NODE_01,"S3:58.089",4095,3334
LOG_1768728724654,2026-01-18T09:32:04.654Z,NODE_01,"S3:57.664",4095,3482
LOG_1768728733046,2026-01-18T09:32:13.046Z,NODE_01,"S3:58.106",4095,4502
LOG_1768728760700,2026-01-18T09:32:40.700Z,NODE_01,"S3:57.681",4095,3891
LOG_1768728798694,2026-01-18T09:33:18.694Z,NODE_01,"S3:57.732",4095,3585
LOG_1768728829107,2026-01-18T09:33:49.107Z,NODE_01,"S3:57.664",4095,3894
LOG_1768728843390,2026-01-18T09:34:03.390Z,NODE_01,"S3:57.324",4095,3842
LOG_1768728863307,2026-01-18T09:34:23.307Z,NODE_01,"S3:45.764",4095,3686
LOG_1768728870376,2026-01-18T09:34:30.376Z,NODE_01,"S3:57.681",4095,3384
LOG_1768728889005,2026-01-18T09:34:49.005Z,NODE_01,"S3:51.833",4095,3682
LOG_1768728916145,2026-01-18T09:35:16.145Z,NODE_01,"S3:56.899",4095,3687
LOG_1768728935603,2026-01-18T09:35:35.603Z,NODE_01,"S3:57.324",4095,4113
LOG_1768728948424,2026-01-18T09:35:48.424Z,NODE_01,"S3:45.764",4095,3606
LOG_1768728963454,2026-01-18T09:36:03.454Z,NODE_01,"S3:45.339",4095,3175
LOG_1768728971211,2026-01-18T09:36:11.211Z,NODE_01,"S3:45.764",4095,3139
LOG_1768728990487,2026-01-18T09:36:30.487Z,NODE_01,"S3:46.172",4095,3682
LOG_1768729006872,2026-01-18T09:36:46.872Z,NODE_01,"S3:57.681",4095,3581
LOG_1768729044966,2026-01-18T09:37:24.966Z,NODE_01,"S1:46.325|S2:46.189",4095,3890
LOG_1768729082137,2026-01-18T09:38:02.137Z,NODE_01,"S3:56.627",4095,3390
LOG_1768729318787,2026-01-18T09:41:58.787Z,NODE_01,"S2:58.786|S3:58.446",4095,3686
LOG_1768729335581,2026-01-18T09:42:15.581Z,NODE_01,"S2:47.192",4095,3891
LOG_1768932673430,2026-01-20T18:11:13.430Z,NODE_01,"S3:147.594",4095,3279
LOG_1768932688541,2026-01-20T18:11:28.541Z,NODE_01,"S3:133.552",4095,3233
LOG_1768932731293,2026-01-20T18:12:11.293Z,NODE_01,"S3:148.121",4095,3385
LOG_1768932797541,2026-01-20T18:13:17.541Z,NODE_01,"S3:191.437",4095,3420
LOG_1768933033780,2026-01-20T18:17:13.780Z,NODE_02,"RAIN:0",0,3405
LOG_1768933139766,2026-01-20T18:18:59.766Z,NODE_02,"RAIN:0",0,3457
LOG_1768933166797,2026-01-20T18:19:26.797Z,NODE_02,"RAIN:0",0,3275
LOG_1768991480413,2026-01-21T10:31:20.413Z,NODE_02,"RAIN:0",0,3855
LOG_1768991499437,2026-01-21T10:31:39.437Z,NODE_02,"RAIN:0",0,3639
LOG_1769100247108,2026-01-22T16:44:07.108Z,NODE_01,"S2:84.303",4095,4095
LOG_1769100254293,2026-01-22T16:44:14.293Z,NODE_01,"S2:54.281",4095,4316
LOG_1769100361187,2026-01-22T16:46:01.187Z,NODE_02,"S1:74.188|RAIN:398",398,4241
LOG_1769100395386,2026-01-22T16:46:35.386Z,NODE_02,"S1:75.82|RAIN:798",798,4379
LOG_1769100473509,2026-01-22T16:47:53.509Z,NODE_02,"RAIN:868",868,4190
LOG_1769100485696,2026-01-22T16:48:05.696Z,NODE_02,"S2:138.601|RAIN:1054",1054,4000
LOG_1769100509053,2026-01-22T16:48:29.053Z,NODE_02,"RAIN:1050",1050,4115
LOG_1769100521428,2026-01-22T16:48:41.428Z,NODE_02,"RAIN:984",984,4171
LOG_1769100542844,2026-01-22T16:49:02.844Z,NODE_02,"RAIN:1143",1143,4297
LOG_1769100551340,2026-01-22T16:49:11.340Z,NODE_02,"RAIN:1480",1480,4194
LOG_1769100558620,2026-01-22T16:49:18.620Z,NODE_02,"RAIN:1390",1390,4393
LOG_1769100714334,2026-01-22T16:51:54.334Z,NODE_02,"RAIN:196",196,144659
LOG_1769146885736,2026-01-23T05:41:25.736Z,NODE_01,"S3:57.647",4095,3540
LOG_1769146892367,2026-01-23T05:41:32.367Z,NODE_01,"S3:59.296",4095,3312
LOG_1769146904101,2026-01-23T05:41:44.101Z,NODE_01,"S3:53.567",4095,3269
LOG_1769146976766,2026-01-23T05:42:56.766Z,NODE_01,"S2:182.053",4095,4526
LOG_1769146990333,2026-01-23T05:43:10.333Z,NODE_01,"S2:183.43",4095,3483
LOG_1769147031741,2026-01-23T05:43:51.741Z,NODE_01,"S1:189.329",4095,3993
LOG_1769147046924,2026-01-23T05:44:06.924Z,NODE_01,"S1:61.319",4095,3345
LOG_1769147067347,2026-01-23T05:44:27.347Z,NODE_01,"S1:184.399|S2:179.537",4095,3695
LOG_1769147084950,2026-01-23T05:44:44.950Z,NODE_01,"S1:185.929|S2:177.922",4095,3277
LOG_1769147087406,2026-01-23T05:44:47.406Z,NODE_02,"RAIN:0",0,3275
LOG_1769147189634,2026-01-23T05:46:29.635Z,NODE_01,"S2:76.466",4095,4385
LOG_1769156849761,2026-01-23T08:27:29.761Z,NODE_01,"S1:50.524",4095,3735
LOG_1769159473912,2026-01-23T09:11:13.912Z,NODE_02,"RAIN:0",0,3283
LOG_1769159573338,2026-01-23T09:12:53.338Z,NODE_01,"S3:64.005",4095,3598
LOG_1769159601921,2026-01-23T09:13:21.921Z,NODE_01,"S3:51.204",4095,4128
LOG_1769159635804,2026-01-23T09:13:55.804Z,NODE_01,"S3:57.222",4095,3293
LOG_1769159667846,2026-01-23T09:14:27.846Z,NODE_01,"S3:57.103",4095,4208
LOG_1769159684141,2026-01-23T09:14:44.141Z,NODE_01,"S3:101.082",4095,3499
LOG_1769159722251,2026-01-23T09:15:22.251Z,NODE_01,"S3:120.717",4095,3643
LOG_1769159738363,2026-01-23T09:15:38.363Z,NODE_01,"S3:108.953",4095,3405
LOG_1769159775254,2026-01-23T09:16:15.254Z,NODE_02,"RAIN:0",0,4299
LOG_1769159810491,2026-01-23T09:16:50.491Z,NODE_01,"S3:58.038",4095,3326
LOG_1769159840600,2026-01-23T09:17:20.600Z,NODE_01,"S3:54.57",4095,4010
LOG_1769159866083,2026-01-23T09:17:46.083Z,NODE_01,"S3:80.529",4095,3520
LOG_1769159898031,2026-01-23T09:18:18.031Z,NODE_01,"S3:50.915",4095,3725
LOG_1769159913708,2026-01-23T09:18:33.708Z,NODE_01,"S3:100.64",4095,3387
LOG_1769159950563,2026-01-23T09:19:10.563Z,NODE_01,"S3:194.803",4095,3892
LOG_1769159964726,2026-01-23T09:19:24.726Z,NODE_01,"S3:196.129",4095,3862
LOG_1769159992054,2026-01-23T09:19:52.054Z,NODE_01,"S3:52.853",4095,3498
LOG_1769160110616,2026-01-23T09:21:50.616Z,NODE_01,"S3:47.668",4095,3480
LOG_1769160318461,2026-01-23T09:25:18.461Z,NODE_01,"S3:95.217",4095,3864
LOG_1769160357404,2026-01-23T09:25:57.404Z,NODE_01,"S3:52.853",4095,3484
LOG_1769160413109,2026-01-23T09:26:53.109Z,NODE_01,"S3:67.847",4095,3301
LOG_1769160457982,2026-01-23T09:27:37.982Z,NODE_01,"S3:151.249",4095,3608
LOG_1769397755164,2026-01-26T03:22:35.164Z,NODE_01,"S2:86.819",4095,3482
LOG_1769397872926,2026-01-26T03:24:32.926Z,NODE_01,"S2:187.119",4095,3893
LOG_1769397892342,2026-01-26T03:24:52.342Z,NODE_01,"S2:57.256",4095,3647
LOG_1769762586930,2026-01-30T08:43:06.930Z,NODE_01,"S1:73.508|S2:67.915|S3:65.076",4095,4399
LOG_1769762680835,2026-01-30T08:44:40.835Z,NODE_01,"S1:59.891|S3:185.623",4095,4813
LOG_1769762765115,2026-01-30T08:46:05.115Z,NODE_01,"S2:92.582|S3:98.277",4095,3384
LOG_1769762783681,2026-01-30T08:46:23.682Z,NODE_01,"S3:48.025",4095,5088
LOG_1772635233049,2026-03-04T14:40:33.049Z,NODE_04,"RAIN:900",900,3013
LOG_1772635233062,2026-03-04T14:40:33.062Z,NODE_01,"S1:94.8|S2:94.8|S3:94.8|RAIN:1023",1023,3052
LOG_1772635233071,2026-03-04T14:40:33.071Z,NODE_03,"S1:89.47|S2:89.47|S3:89.47|RAIN:100",100,3040
LOG_1772635233074,2026-03-04T14:40:33.074Z,NODE_02,"S1:83.4|S2:84.4|S3:86.4|RAIN:300",300,3072
LOG_1772636353403,2026-03-04T14:59:13.403Z,NODE_01,"RAIN:200",200,6681
LOG_1772636354645,2026-03-04T14:59:14.645Z,NODE_02,"RAIN:200",200,7901
LOG_1772636356264,2026-03-04T14:59:16.264Z,NODE_03,"RAIN:200",200,9507
LOG_1772636357990,2026-03-04T14:59:17.990Z,NODE_04,"RAIN:200",200,11221
LOG_1772636359830,2026-03-04T14:59:19.830Z,NODE_05,"RAIN:200",200,13049
LOG_1772636361501,2026-03-04T14:59:21.501Z,NODE_06,"S1:60|S2:61|S3:62|RAIN:200",200,14707
LOG_1772636363281,2026-03-04T14:59:23.281Z,NODE_07,"S1:60|S2:61|S3:62|RAIN:200",200,16473
LOG_1772636365168,2026-03-04T14:59:25.168Z,NODE_08,"S1:60|S2:61|S3:62|RAIN:200",200,18348
LOG_1772636367020,2026-03-04T14:59:27.020Z,NODE_09,"S1:60|S2:61|S3:62|RAIN:200",200,20179
LOG_1772636369232,2026-03-04T14:59:29.232Z,NODE_10,"S1:60|S2:61|S3:62|RAIN:200",200,22374
LOG_1772636371251,2026-03-04T14:59:31.251Z,NODE_11,"S1:80|S2:81|S3:82|RAIN:800",800,24382
LOG_1772636373170,2026-03-04T14:59:33.170Z,NODE_12,"S1:80|S2:81|S3:82|RAIN:800",800,26289
LOG_1772636375306,2026-03-04T14:59:35.306Z,NODE_13,"S1:80|S2:81|S3:82|RAIN:800",800,28413
LOG_1772636377554,2026-03-04T14:59:37.554Z,NODE_14,"S1:80|S2:81|S3:82|RAIN:800",800,30649
LOG_1772636379746,2026-03-04T14:59:39.746Z,NODE_15,"S1:80|S2:81|S3:82|RAIN:800",800,32826
LOG_1772636382083,2026-03-04T14:59:42.083Z,NODE_16,"S1:95|S2:96|S3:97|RAIN:800",800,35152
LOG_1772636384350,2026-03-04T14:59:44.350Z,NODE_17,"S1:95|S2:96|S3:97|RAIN:800",800,37407
LOG_1772636386619,2026-03-04T14:59:46.619Z,NODE_18,"S1:95|S2:96|S3:97|RAIN:800",800,39661
LOG_1772636388921,2026-03-04T14:59:48.921Z,NODE_19,"S1:95|S2:96|S3:97|RAIN:800",800,41950
LOG_1772636391063,2026-03-04T14:59:51.063Z,NODE_20,"S1:95|S2:96|S3:97|RAIN:800",800,44077
LOG_1772636900264,2026-03-04T15:08:20.264Z,NODE_01,"RAIN:900",900,3230
LOG_1772636901780,2026-03-04T15:08:21.780Z,NODE_02,"RAIN:900",900,3928
LOG_1772636903403,2026-03-04T15:08:23.403Z,NODE_03,"RAIN:900",900,4307
LOG_1772636904991,2026-03-04T15:08:24.991Z,NODE_04,"RAIN:900",900,4447
LOG_1772636906701,2026-03-04T15:08:26.701Z,NODE_05,"RAIN:900",900,4524
LOG_1772636908382,2026-03-04T15:08:28.382Z,NODE_06,"RAIN:900",900,4660
LOG_1772636910106,2026-03-04T15:08:30.106Z,NODE_07,"S1:56.5|S2:57.5|S3:58.5|RAIN:400",400,4750
LOG_1772636911903,2026-03-04T15:08:31.903Z,NODE_08,"S1:56.5|S2:57.5|S3:58.5|RAIN:400",400,4905
LOG_1772636913648,2026-03-04T15:08:33.648Z,NODE_09,"S1:56|S2:57|S3:58|RAIN:400",400,4929
LOG_1772636915486,2026-03-04T15:08:35.486Z,NODE_10,"S1:56|S2:57|S3:58|RAIN:400",400,5094
LOG_1772636917441,2026-03-04T15:08:37.441Z,NODE_11,"S1:55.5|S2:56.5|S3:57.5|RAIN:400",400,4305
LOG_1772636919375,2026-03-04T15:08:39.375Z,NODE_12,"S1:55|S2:56|S3:57|RAIN:400",400,4387
LOG_1772636921385,2026-03-04T15:08:41.385Z,NODE_13,"S1:55|S2:56|S3:57|RAIN:400",400,4660
LOG_1772636923375,2026-03-04T15:08:43.375Z,NODE_14,"S1:84.5|S2:85.5|S3:86.5|RAIN:50",50,4749
LOG_1772636925430,2026-03-04T15:08:45.430Z,NODE_15,"S1:84|S2:85|S3:86|RAIN:50",50,4869
LOG_1772636927481,2026-03-04T15:08:47.481Z,NODE_16,"S1:84|S2:85|S3:86|RAIN:50",50,4895
LOG_1772636929734,2026-03-04T15:08:49.734Z,NODE_17,"S1:83.5|S2:84.5|S3:85.5|RAIN:50",50,5195
LOG_1772636932101,2026-03-04T15:08:52.101Z,NODE_18,"S1:83|S2:84|S3:85|RAIN:50",50,5506
LOG_1772636934694,2026-03-04T15:08:54.694Z,NODE_19,"S1:82.5|S2:83.5|S3:84.5|RAIN:50",50,6153
LOG_1772636937242,2026-03-04T15:08:57.242Z,NODE_20,"S1:82.5|S2:83.5|S3:84.5|RAIN:50",50,6438
LOG_1772637721606,2026-03-04T15:22:01.606Z,NODE_01,"S1:89|S2:90|S3:91|RAIN:900",900,7565
LOG_1772637721622,2026-03-04T15:22:01.622Z,NODE_20,"S1:94.6|S2:95.6|S3:96.6|RAIN:100",100,7352
LOG_1772637722721,2026-03-04T15:22:02.721Z,NODE_02,"S1:89|S2:90|S3:91|RAIN:900",900,8646
LOG_1772637724137,2026-03-04T15:22:04.137Z,NODE_03,"S1:89|S2:90|S3:91|RAIN:900",900,10047
LOG_1772637725690,2026-03-04T15:22:05.690Z,NODE_04,"S1:87|S2:88|S3:89|RAIN:900",900,11586
LOG_1772637727322,2026-03-04T15:22:07.322Z,NODE_05,"S1:87|S2:88|S3:89|RAIN:900",900,13203
LOG_1772637729008,2026-03-04T15:22:09.008Z,NODE_06,"S1:90|S2:91|S3:92|RAIN:900",900,14876
LOG_1772637730805,2026-03-04T15:22:10.805Z,NODE_07,"S1:89|S2:90|S3:91|RAIN:900",900,16662
LOG_1772637732634,2026-03-04T15:22:12.635Z,NODE_08,"S1:89|S2:90|S3:91|RAIN:900",900,18481
LOG_1772637734420,2026-03-04T15:22:14.420Z,NODE_09,"S1:88|S2:89|S3:90|RAIN:900",900,20245
LOG_1772637736409,2026-03-04T15:22:16.409Z,NODE_10,"S1:88|S2:89|S3:90|RAIN:900",900,22225
LOG_1772637738459,2026-03-04T15:22:18.459Z,NODE_11,"S1:87|S2:88|S3:89|RAIN:100",100,24266
LOG_1772637740489,2026-03-04T15:22:20.489Z,NODE_12,"S1:86|S2:87|S3:88|RAIN:100",100,26288
LOG_1772637742431,2026-03-04T15:22:22.431Z,NODE_13,"S1:93.2|S2:94.2|S3:95.2|RAIN:100",100,28221
LOG_1772637744464,2026-03-04T15:22:24.464Z,NODE_14,"S1:93|S2:94|S3:95|RAIN:100",100,30246
LOG_1772637746547,2026-03-04T15:22:26.547Z,NODE_15,"S1:92.8|S2:93.8|S3:94.8|RAIN:100",100,32319
LOG_1772637748608,2026-03-04T15:22:28.608Z,NODE_16,"S1:92.8|S2:93.8|S3:94.8|RAIN:100",100,34372
LOG_1772637750872,2026-03-04T15:22:30.872Z,NODE_17,"S1:92.6|S2:93.6|S3:94.6|RAIN:100",100,36626
LOG_1772637753376,2026-03-04T15:22:33.376Z,NODE_18,"S1:92.4|S2:93.4|S3:94.4|RAIN:100",100,39122
LOG_1772637755684,2026-03-04T15:22:35.684Z,NODE_19,"S1:92.2|S2:93.2|S3:94.2|RAIN:100",100,41421
LOG_1772638891480,2026-03-04T15:41:31.480Z,NODE_01,"S1:89|S2:90|S3:91|RAIN:900",900,4567
LOG_1772638892829,2026-03-04T15:41:32.829Z,NODE_02,"S1:89|S2:90|S3:91|RAIN:900",900,5899
LOG_1772638894406,2026-03-04T15:41:34.406Z,NODE_03,"S1:89|S2:90|S3:91|RAIN:900",900,7469
LOG_1772638896179,2026-03-04T15:41:36.179Z,NODE_04,"S1:87|S2:88|S3:89|RAIN:900",900,9234
LOG_1772638897936,2026-03-04T15:41:37.936Z,NODE_05,"S1:85|S2:86|S3:87|RAIN:900",900,10984
LOG_1772638899681,2026-03-04T15:41:39.681Z,NODE_06,"S1:90|S2:91|S3:92|RAIN:900",900,12722
LOG_1772638901502,2026-03-04T15:41:41.502Z,NODE_07,"S1:89|S2:90|S3:91|RAIN:900",900,14536
LOG_1772638903483,2026-03-04T15:41:43.483Z,NODE_08,"S1:89|S2:90|S3:91|RAIN:900",900,16510
LOG_1772638905532,2026-03-04T15:41:45.532Z,NODE_09,"S1:88|S2:89|S3:90|RAIN:900",900,18551
LOG_1772638907396,2026-03-04T15:41:47.396Z,NODE_10,"S1:87|S2:88|S3:89|RAIN:900",900,20406
LOG_1772638909515,2026-03-04T15:41:49.515Z,NODE_11,"S1:87|S2:88|S3:89|RAIN:100",100,22516
LOG_1772638911498,2026-03-04T15:41:51.498Z,NODE_12,"S1:86|S2:87|S3:88|RAIN:100",100,24493
LOG_1772638914091,2026-03-04T15:41:54.091Z,NODE_13,"S1:93|S2:94|S3:95|RAIN:100",100,27079
LOG_1772638916796,2026-03-04T15:41:56.796Z,NODE_14,"S1:92.8|S2:93.8|S3:94.8|RAIN:100",100,29775
LOG_1772638919700,2026-03-04T15:41:59.700Z,NODE_15,"S1:92.8|S2:93.8|S3:94.8|RAIN:100",100,32674
LOG_1772638922642,2026-03-04T15:42:02.642Z,NODE_16,"S1:92.6|S2:93.6|S3:94.6|RAIN:100",100,35610
LOG_1772638926065,2026-03-04T15:42:06.065Z,NODE_17,"S1:92.4|S2:93.4|S3:94.4|RAIN:100",100,39027
LOG_1772638929454,2026-03-04T15:42:09.454Z,NODE_18,"S1:92|S2:93|S3:94|RAIN:100",100,42410
LOG_1772638933551,2026-03-04T15:42:13.551Z,NODE_19,"S1:91.8|S2:92.8|S3:93.8|RAIN:100",100,46500
LOG_1772638937265,2026-03-04T15:42:17.265Z,NODE_20,"S1:91.6|S2:92.6|S3:93.6|RAIN:100",100,50208
LOG_1772640475003,2026-03-04T16:07:55.003Z,NODE_0_0,"S1:95|S2:96|S3:97|RAIN:100",100,3551
LOG_1772640475010,2026-03-04T16:07:55.010Z,NODE_0_1,"S1:95|S2:96|S3:97|RAIN:100",100,3540
LOG_1772640475020,2026-03-04T16:07:55.020Z,NODE_0_2,"S1:95|S2:96|S3:97|RAIN:100",100,3541
LOG_1772640475028,2026-03-04T16:07:55.028Z,NODE_0_3,"S1:95|S2:96|S3:97|RAIN:100",100,3541
LOG_1772640475038,2026-03-04T16:07:55.038Z,NODE_0_4,"S1:95|S2:96|S3:97|RAIN:100",100,3546
LOG_1772640475049,2026-03-04T16:07:55.049Z,NODE_0_5,"S1:95|S2:96|S3:97|RAIN:100",100,3551
LOG_1772640475058,2026-03-04T16:07:55.058Z,NODE_0_6,"S1:95|S2:96|S3:97|RAIN:100",100,3554
LOG_1772640475063,2026-03-04T16:07:55.063Z,NODE_0_7,"S1:95|S2:96|S3:97|RAIN:100",100,3553
LOG_1772640475069,2026-03-04T16:07:55.069Z,NODE_0_8,"S1:95|S2:96|S3:97|RAIN:100",100,3549
LOG_1772640475077,2026-03-04T16:07:55.077Z,NODE_0_9,"S1:89|S2:90|S3:91|RAIN:900",900,3551
LOG_1772640475085,2026-03-04T16:07:55.085Z,NODE_0_10,"S1:89|S2:90|S3:91|RAIN:900",900,3553
LOG_1772640475094,2026-03-04T16:07:55.094Z,NODE_0_11,"S1:89|S2:90|S3:91|RAIN:900",900,3559
LOG_1772640475102,2026-03-04T16:07:55.102Z,NODE_0_12,"S1:95|S2:96|S3:97|RAIN:100",100,3562
LOG_1772640475112,2026-03-04T16:07:55.112Z,NODE_0_13,"S1:95|S2:96|S3:97|RAIN:100",100,3567
LOG_1772640475118,2026-03-04T16:07:55.118Z,NODE_0_14,"S1:95|S2:96|S3:97|RAIN:100",100,3569
LOG_1772640475125,2026-03-04T16:07:55.125Z,NODE_0_15,"S1:95|S2:96|S3:97|RAIN:100",100,3573
LOG_1772640475132,2026-03-04T16:07:55.132Z,NODE_0_16,"S1:95|S2:96|S3:97|RAIN:100",100,3576
LOG_1772640475137,2026-03-04T16:07:55.137Z,NODE_0_17,"S1:95|S2:96|S3:97|RAIN:100",100,3577
LOG_1772640475143,2026-03-04T16:07:55.143Z,NODE_0_18,"S1:95|S2:96|S3:97|RAIN:100",100,3579
LOG_1772640475150,2026-03-04T16:07:55.150Z,NODE_0_19,"S1:95|S2:96|S3:97|RAIN:100",100,3583
LOG_1772640475160,2026-03-04T16:07:55.160Z,NODE_1_0,"S1:95|S2:96|S3:97|RAIN:100",100,3589
LOG_1772640475170,2026-03-04T16:07:55.170Z,NODE_1_1,"S1:95|S2:96|S3:97|RAIN:100",100,3590
LOG_1772640475181,2026-03-04T16:07:55.181Z,NODE_1_2,"S1:95|S2:96|S3:97|RAIN:100",100,3588
LOG_1772640475192,2026-03-04T16:07:55.192Z,NODE_1_3,"S1:95|S2:96|S3:97|RAIN:100",100,3593
LOG_1772640475203,2026-03-04T16:07:55.203Z,NODE_1_4,"S1:95|S2:96|S3:97|RAIN:100",100,3598
LOG_1772640475215,2026-03-04T16:07:55.215Z,NODE_1_5,"S1:95|S2:96|S3:97|RAIN:100",100,3603
LOG_1772640475228,2026-03-04T16:07:55.228Z,NODE_1_6,"S1:95|S2:96|S3:97|RAIN:100",100,3608
LOG_1772640475239,2026-03-04T16:07:55.239Z,NODE_1_7,"S1:95|S2:96|S3:97|RAIN:100",100,3610
LOG_1772640475250,2026-03-04T16:07:55.250Z,NODE_1_8,"S1:95|S2:96|S3:97|RAIN:100",100,3611
LOG_1772640475261,2026-03-04T16:07:55.261Z,NODE_1_9,"S1:95|S2:96|S3:97|RAIN:100",100,3617
LOG_1772640475273,2026-03-04T16:07:55.273Z,NODE_1_10,"S1:89|S2:90|S3:91|RAIN:900",900,3622
LOG_1772640475286,2026-03-04T16:07:55.286Z,NODE_1_11,"S1:89|S2:90|S3:91|RAIN:900",900,3624
LOG_1772640475297,2026-03-04T16:07:55.297Z,NODE_1_12,"S1:89|S2:90|S3:91|RAIN:900",900,3627
LOG_1772640475307,2026-03-04T16:07:55.307Z,NODE_1_13,"S1:95|S2:96|S3:97|RAIN:100",100,3629
LOG_1772640475316,2026-03-04T16:07:55.316Z,NODE_1_14,"S1:95|S2:96|S3:97|RAIN:100",100,3630
LOG_1772640475327,2026-03-04T16:07:55.327Z,NODE_1_15,"S1:95|S2:96|S3:97|RAIN:100",100,3633
LOG_1772640475337,2026-03-04T16:07:55.337Z,NODE_1_16,"S1:95|S2:96|S3:97|RAIN:100",100,3635
LOG_1772640475347,2026-03-04T16:07:55.347Z,NODE_1_17,"S1:95|S2:96|S3:97|RAIN:100",100,3637
LOG_1772640475353,2026-03-04T16:07:55.353Z,NODE_1_18,"S1:95|S2:96|S3:97|RAIN:100",100,3637
LOG_1772640475365,2026-03-04T16:07:55.365Z,NODE_1_19,"S1:95|S2:96|S3:97|RAIN:100",100,3643
LOG_1772640475374,2026-03-04T16:07:55.374Z,NODE_2_0,"S1:95|S2:96|S3:97|RAIN:100",100,3645
LOG_1772640475380,2026-03-04T16:07:55.380Z,NODE_2_1,"S1:95|S2:96|S3:97|RAIN:100",100,3644
LOG_1772640475386,2026-03-04T16:07:55.387Z,NODE_2_2,"S1:95|S2:96|S3:97|RAIN:100",100,3642
LOG_1772640475397,2026-03-04T16:07:55.397Z,NODE_2_3,"S1:95|S2:96|S3:97|RAIN:100",100,3645
LOG_1772640475408,2026-03-04T16:07:55.408Z,NODE_2_4,"S1:95|S2:96|S3:97|RAIN:100",100,3646
LOG_1772640475418,2026-03-04T16:07:55.418Z,NODE_2_5,"S1:95|S2:96|S3:97|RAIN:100",100,3647
LOG_1772640475429,2026-03-04T16:07:55.429Z,NODE_2_6,"S1:95|S2:96|S3:97|RAIN:100",100,3650
LOG_1772640475441,2026-03-04T16:07:55.441Z,NODE_2_7,"S1:95|S2:96|S3:97|RAIN:100",100,3653
LOG_1772640475451,2026-03-04T16:07:55.451Z,NODE_2_8,"S1:95|S2:96|S3:97|RAIN:100",100,3653
LOG_1772640475460,2026-03-04T16:07:55.460Z,NODE_2_9,"S1:95|S2:96|S3:97|RAIN:100",100,3654
LOG_1772640475467,2026-03-04T16:07:55.467Z,NODE_2_10,"S1:95|S2:96|S3:97|RAIN:100",100,3654
LOG_1772640475505,2026-03-04T16:07:55.505Z,NODE_2_11,"S1:89|S2:90|S3:91|RAIN:900",900,3685
LOG_1772640475512,2026-03-04T16:07:55.512Z,NODE_2_12,"S1:89|S2:90|S3:91|RAIN:900",900,3686
LOG_1772640475521,2026-03-04T16:07:55.521Z,NODE_2_13,"S1:89|S2:90|S3:91|RAIN:900",900,3690
LOG_1772640475531,2026-03-04T16:07:55.531Z,NODE_2_14,"S1:95|S2:96|S3:97|RAIN:100",100,3695
LOG_1772640475537,2026-03-04T16:07:55.537Z,NODE_2_15,"S1:95|S2:96|S3:97|RAIN:100",100,3695
LOG_1772640475543,2026-03-04T16:07:55.543Z,NODE_2_16,"S1:95|S2:96|S3:97|RAIN:100",100,3696
LOG_1772640475549,2026-03-04T16:07:55.549Z,NODE_2_17,"S1:95|S2:96|S3:97|RAIN:100",100,3698
LOG_1772640475556,2026-03-04T16:07:55.556Z,NODE_2_18,"S1:95|S2:96|S3:97|RAIN:100",100,3702
LOG_1772640475562,2026-03-04T16:07:55.562Z,NODE_2_19,"S1:95|S2:96|S3:97|RAIN:100",100,3704
LOG_1772640475567,2026-03-04T16:07:55.567Z,NODE_3_0,"S1:95|S2:96|S3:97|RAIN:100",100,3705
LOG_1772640475578,2026-03-04T16:07:55.578Z,NODE_3_1,"S1:95|S2:96|S3:97|RAIN:100",100,3712
LOG_1772640475587,2026-03-04T16:07:55.587Z,NODE_3_2,"S1:95|S2:96|S3:97|RAIN:100",100,3717
LOG_1772640475602,2026-03-04T16:07:55.602Z,NODE_3_3,"S1:95|S2:96|S3:97|RAIN:100",100,3727
LOG_1772640475615,2026-03-04T16:07:55.615Z,NODE_3_4,"S1:95|S2:96|S3:97|RAIN:100",100,3737
LOG_1772640475630,2026-03-04T16:07:55.630Z,NODE_3_5,"S1:95|S2:96|S3:97|RAIN:100",100,3748
LOG_1772640475643,2026-03-04T16:07:55.643Z,NODE_3_6,"S1:95|S2:96|S3:97|RAIN:100",100,3757
LOG_1772640475655,2026-03-04T16:07:55.655Z,NODE_3_7,"S1:95|S2:96|S3:97|RAIN:100",100,3765
LOG_1772640475667,2026-03-04T16:07:55.667Z,NODE_3_8,"S1:95|S2:96|S3:97|RAIN:100",100,3773
LOG_1772640475677,2026-03-04T16:07:55.677Z,NODE_3_9,"S1:95|S2:96|S3:97|RAIN:100",100,3779
LOG_1772640475683,2026-03-04T16:07:55.683Z,NODE_3_10,"S1:95|S2:96|S3:97|RAIN:100",100,3781
LOG_1772640475690,2026-03-04T16:07:55.690Z,NODE_3_11,"S1:89|S2:90|S3:91|RAIN:900",900,3783
LOG_1772640475696,2026-03-04T16:07:55.696Z,NODE_3_12,"S1:89|S2:90|S3:91|RAIN:900",900,3785
LOG_1772640475702,2026-03-04T16:07:55.702Z,NODE_3_13,"S1:89|S2:90|S3:91|RAIN:900",900,3786
LOG_1772640475713,2026-03-04T16:07:55.713Z,NODE_3_14,"S1:95|S2:96|S3:97|RAIN:100",100,3791
LOG_1772640475718,2026-03-04T16:07:55.718Z,NODE_3_15,"S1:95|S2:96|S3:97|RAIN:100",100,3791
LOG_1772640475727,2026-03-04T16:07:55.727Z,NODE_3_16,"S1:95|S2:96|S3:97|RAIN:100",100,3794
LOG_1772640475735,2026-03-04T16:07:55.735Z,NODE_3_17,"S1:95|S2:96|S3:97|RAIN:100",100,3797
LOG_1772640475742,2026-03-04T16:07:55.742Z,NODE_3_18,"S1:95|S2:96|S3:97|RAIN:100",100,3798
LOG_1772640475749,2026-03-04T16:07:55.749Z,NODE_3_19,"S1:95|S2:96|S3:97|RAIN:100",100,3799
LOG_1772640475755,2026-03-04T16:07:55.755Z,NODE_4_0,"S1:95|S2:96|S3:97|RAIN:100",100,3801
LOG_1772640475760,2026-03-04T16:07:55.760Z,NODE_4_1,"S1:95|S2:96|S3:97|RAIN:100",100,3801
LOG_1772640475767,2026-03-04T16:07:55.767Z,NODE_4_2,"S1:95|S2:96|S3:97|RAIN:100",100,3802
LOG_1772640475776,2026-03-04T16:07:55.776Z,NODE_4_3,"S1:95|S2:96|S3:97|RAIN:100",100,3806
LOG_1772640475782,2026-03-04T16:07:55.782Z,NODE_4_4,"S1:95|S2:96|S3:97|RAIN:100",100,3806
LOG_1772640475792,2026-03-04T16:07:55.792Z,NODE_4_5,"S1:95|S2:96|S3:97|RAIN:100",100,3809
LOG_1772640475800,2026-03-04T16:07:55.800Z,NODE_4_6,"S1:95|S2:96|S3:97|RAIN:100",100,3811
LOG_1772640475810,2026-03-04T16:07:55.810Z,NODE_4_7,"S1:95|S2:96|S3:97|RAIN:100",100,3813
LOG_1772640475818,2026-03-04T16:07:55.818Z,NODE_4_8,"S1:95|S2:96|S3:97|RAIN:100",100,3813
LOG_1772640475827,2026-03-04T16:07:55.827Z,NODE_4_9,"S1:95|S2:96|S3:97|RAIN:100",100,3814
LOG_1772640475834,2026-03-04T16:07:55.834Z,NODE_4_10,"S1:95|S2:96|S3:97|RAIN:100",100,3813
LOG_1772640475842,2026-03-04T16:07:55.842Z,NODE_4_11,"S1:89|S2:90|S3:91|RAIN:900",900,3814
LOG_1772640475849,2026-03-04T16:07:55.849Z,NODE_4_12,"S1:89|S2:90|S3:91|RAIN:900",900,3816
LOG_1772640475860,2026-03-04T16:07:55.860Z,NODE_4_13,"S1:89|S2:90|S3:91|RAIN:900",900,3820
LOG_1772640475869,2026-03-04T16:07:55.869Z,NODE_4_14,"S1:95|S2:96|S3:97|RAIN:100",100,3820
LOG_1772640475880,2026-03-04T16:07:55.880Z,NODE_4_15,"S1:95|S2:96|S3:97|RAIN:100",100,3824
LOG_1772640475889,2026-03-04T16:07:55.889Z,NODE_4_16,"S1:95|S2:96|S3:97|RAIN:100",100,3825
LOG_1772640475900,2026-03-04T16:07:55.900Z,NODE_4_17,"S1:95|S2:96|S3:97|RAIN:100",100,3829
LOG_1772640475911,2026-03-04T16:07:55.911Z,NODE_4_18,"S1:95|S2:96|S3:97|RAIN:100",100,3831
LOG_1772640475919,2026-03-04T16:07:55.919Z,NODE_4_19,"S1:95|S2:96|S3:97|RAIN:100",100,3831
LOG_1772640475930,2026-03-04T16:07:55.930Z,NODE_5_0,"S1:95|S2:96|S3:97|RAIN:100",100,3833
LOG_1772640475940,2026-03-04T16:07:55.940Z,NODE_5_1,"S1:95|S2:96|S3:97|RAIN:100",100,3833
LOG_1772640475949,2026-03-04T16:07:55.949Z,NODE_5_2,"S1:95|S2:96|S3:97|RAIN:100",100,3832
LOG_1772640475957,2026-03-04T16:07:55.957Z,NODE_5_3,"S1:95|S2:96|S3:97|RAIN:100",100,3832
LOG_1772640475964,2026-03-04T16:07:55.964Z,NODE_5_4,"S1:95|S2:96|S3:97|RAIN:100",100,3830
LOG_1772640475970,2026-03-04T16:07:55.970Z,NODE_5_5,"S1:95|S2:96|S3:97|RAIN:100",100,3827
LOG_1772640476003,2026-03-04T16:07:56.003Z,NODE_5_6,"S1:95|S2:96|S3:97|RAIN:100",100,3850
LOG_1772640476012,2026-03-04T16:07:56.012Z,NODE_5_7,"S1:95|S2:96|S3:97|RAIN:100",100,3849
LOG_1772640476020,2026-03-04T16:07:56.020Z,NODE_5_8,"S1:95|S2:96|S3:97|RAIN:100",100,3848
LOG_1772640476026,2026-03-04T16:07:56.026Z,NODE_5_9,"S1:95|S2:96|S3:97|RAIN:100",100,3844
LOG_1772640476031,2026-03-04T16:07:56.031Z,NODE_5_10,"S1:89|S2:90|S3:91|RAIN:900",900,3841
LOG_1772640476039,2026-03-04T16:07:56.039Z,NODE_5_11,"S1:89|S2:90|S3:91|RAIN:900",900,3840
LOG_1772640476047,2026-03-04T16:07:56.047Z,NODE_5_12,"S1:89|S2:90|S3:91|RAIN:900",900,3839
LOG_1772640476056,2026-03-04T16:07:56.056Z,NODE_5_13,"S1:95|S2:96|S3:97|RAIN:100",100,3840
LOG_1772640476067,2026-03-04T16:07:56.067Z,NODE_5_14,"S1:95|S2:96|S3:97|RAIN:100",100,3842
LOG_1772640476073,2026-03-04T16:07:56.073Z,NODE_5_15,"S1:95|S2:96|S3:97|RAIN:100",100,3841
LOG_1772640476078,2026-03-04T16:07:56.078Z,NODE_5_16,"S1:95|S2:96|S3:97|RAIN:100",100,3840
LOG_1772640476085,2026-03-04T16:07:56.085Z,NODE_5_17,"S1:95|S2:96|S3:97|RAIN:100",100,3842
LOG_1772640476093,2026-03-04T16:07:56.093Z,NODE_5_18,"S1:95|S2:96|S3:97|RAIN:100",100,3845
LOG_1772640476100,2026-03-04T16:07:56.100Z,NODE_5_19,"S1:95|S2:96|S3:97|RAIN:100",100,3847
LOG_1772640476108,2026-03-04T16:07:56.108Z,NODE_6_0,"S1:95|S2:96|S3:97|RAIN:100",100,3850
LOG_1772640476115,2026-03-04T16:07:56.115Z,NODE_6_1,"S1:95|S2:96|S3:97|RAIN:100",100,3851
LOG_1772640476121,2026-03-04T16:07:56.121Z,NODE_6_2,"S1:95|S2:96|S3:97|RAIN:100",100,3852
LOG_1772640476127,2026-03-04T16:07:56.127Z,NODE_6_3,"S1:95|S2:96|S3:97|RAIN:100",100,3853
LOG_1772640476134,2026-03-04T16:07:56.134Z,NODE_6_4,"S1:95|S2:96|S3:97|RAIN:100",100,3855
LOG_1772640476144,2026-03-04T16:07:56.144Z,NODE_6_5,"S1:95|S2:96|S3:97|RAIN:100",100,3861
LOG_1772640476154,2026-03-04T16:07:56.154Z,NODE_6_6,"S1:95|S2:96|S3:97|RAIN:100",100,3866
LOG_1772640476164,2026-03-04T16:07:56.164Z,NODE_6_7,"S1:95|S2:96|S3:97|RAIN:100",100,3868
LOG_1772640476175,2026-03-04T16:07:56.175Z,NODE_6_8,"S1:95|S2:96|S3:97|RAIN:100",100,3873
LOG_1772640476184,2026-03-04T16:07:56.184Z,NODE_6_9,"S1:89|S2:90|S3:91|RAIN:900",900,3875
LOG_1772640476192,2026-03-04T16:07:56.192Z,NODE_6_10,"S1:89|S2:90|S3:91|RAIN:900",900,3877
LOG_1772640476200,2026-03-04T16:07:56.200Z,NODE_6_11,"S1:89|S2:90|S3:91|RAIN:900",900,3880
LOG_1772640476206,2026-03-04T16:07:56.206Z,NODE_6_12,"S1:95|S2:96|S3:97|RAIN:100",100,3881
LOG_1772640476211,2026-03-04T16:07:56.211Z,NODE_6_13,"S1:95|S2:96|S3:97|RAIN:100",100,3881
LOG_1772640476216,2026-03-04T16:07:56.216Z,NODE_6_14,"S1:95|S2:96|S3:97|RAIN:100",100,3879
LOG_1772640476221,2026-03-04T16:07:56.221Z,NODE_6_15,"S1:95|S2:96|S3:97|RAIN:100",100,3875
LOG_1772640476227,2026-03-04T16:07:56.227Z,NODE_6_16,"S1:95|S2:96|S3:97|RAIN:100",100,3874
LOG_1772640476233,2026-03-04T16:07:56.233Z,NODE_6_17,"S1:95|S2:96|S3:97|RAIN:100",100,3873
LOG_1772640476241,2026-03-04T16:07:56.241Z,NODE_6_18,"S1:95|S2:96|S3:97|RAIN:100",100,3875
LOG_1772640476248,2026-03-04T16:07:56.248Z,NODE_6_19,"S1:95|S2:96|S3:97|RAIN:100",100,3875
LOG_1772640476257,2026-03-04T16:07:56.257Z,NODE_7_0,"S1:95|S2:96|S3:97|RAIN:100",100,3878
LOG_1772640476266,2026-03-04T16:07:56.266Z,NODE_7_1,"S1:95|S2:96|S3:97|RAIN:100",100,3883
LOG_1772640476275,2026-03-04T16:07:56.275Z,NODE_7_2,"S1:95|S2:96|S3:97|RAIN:100",100,3887
LOG_1772640476285,2026-03-04T16:07:56.285Z,NODE_7_3,"S1:95|S2:96|S3:97|RAIN:100",100,3893
LOG_1772640476295,2026-03-04T16:07:56.295Z,NODE_7_4,"S1:95|S2:96|S3:97|RAIN:100",100,3898
LOG_1772640476302,2026-03-04T16:07:56.302Z,NODE_7_5,"S1:95|S2:96|S3:97|RAIN:100",100,3900
LOG_1772640476312,2026-03-04T16:07:56.312Z,NODE_7_6,"S1:95|S2:96|S3:97|RAIN:100",100,3906
LOG_1772640476319,2026-03-04T16:07:56.319Z,NODE_7_7,"S1:95|S2:96|S3:97|RAIN:100",100,3910
LOG_1772640476326,2026-03-04T16:07:56.326Z,NODE_7_8,"S1:89|S2:90|S3:91|RAIN:900",900,3913
LOG_1772640476335,2026-03-04T16:07:56.335Z,NODE_7_9,"S1:89|S2:90|S3:91|RAIN:900",900,3919
LOG_1772640476346,2026-03-04T16:07:56.346Z,NODE_7_10,"S1:89|S2:90|S3:91|RAIN:900",900,3926
LOG_1772640476358,2026-03-04T16:07:56.358Z,NODE_7_11,"S1:95|S2:96|S3:97|RAIN:100",100,3933
LOG_1772640476369,2026-03-04T16:07:56.369Z,NODE_7_12,"S1:95|S2:96|S3:97|RAIN:100",100,3940
LOG_1772640476380,2026-03-04T16:07:56.380Z,NODE_7_13,"S1:95|S2:96|S3:97|RAIN:100",100,3943
LOG_1772640476391,2026-03-04T16:07:56.391Z,NODE_7_14,"S1:95|S2:96|S3:97|RAIN:100",100,3947
LOG_1772640476400,2026-03-04T16:07:56.400Z,NODE_7_15,"S1:95|S2:96|S3:97|RAIN:100",100,3950
LOG_1772640476411,2026-03-04T16:07:56.411Z,NODE_7_16,"S1:95|S2:96|S3:97|RAIN:100",100,3956
LOG_1772640476422,2026-03-04T16:07:56.422Z,NODE_7_17,"S1:95|S2:96|S3:97|RAIN:100",100,3962
LOG_1772640476434,2026-03-04T16:07:56.434Z,NODE_7_18,"S1:95|S2:96|S3:97|RAIN:100",100,3971
LOG_1772640476448,2026-03-04T16:07:56.448Z,NODE_7_19,"S1:95|S2:96|S3:97|RAIN:100",100,3981
LOG_1772640476460,2026-03-04T16:07:56.460Z,NODE_8_0,"S1:95|S2:96|S3:97|RAIN:100",100,3988
LOG_1772640476471,2026-03-04T16:07:56.471Z,NODE_8_1,"S1:95|S2:96|S3:97|RAIN:100",100,3995
LOG_1772640476509,2026-03-04T16:07:56.509Z,NODE_8_2,"S1:95|S2:96|S3:97|RAIN:100",100,4028
LOG_1772640476520,2026-03-04T16:07:56.520Z,NODE_8_3,"S1:95|S2:96|S3:97|RAIN:100",100,4034
LOG_1772640476531,2026-03-04T16:07:56.531Z,NODE_8_4,"S1:95|S2:96|S3:97|RAIN:100",100,4040
LOG_1772640476541,2026-03-04T16:07:56.541Z,NODE_8_5,"S1:95|S2:96|S3:97|RAIN:100",100,4045
LOG_1772640476552,2026-03-04T16:07:56.552Z,NODE_8_6,"S1:95|S2:96|S3:97|RAIN:100",100,4051
LOG_1772640476562,2026-03-04T16:07:56.562Z,NODE_8_7,"S1:95|S2:96|S3:97|RAIN:100",100,4056
LOG_1772640476573,2026-03-04T16:07:56.573Z,NODE_8_8,"S1:89|S2:90|S3:91|RAIN:900",900,4063
LOG_1772640476586,2026-03-04T16:07:56.586Z,NODE_8_9,"S1:89|S2:90|S3:91|RAIN:900",900,4071
LOG_1772640476598,2026-03-04T16:07:56.598Z,NODE_8_10,"S1:95|S2:96|S3:97|RAIN:100",100,4079
LOG_1772640476609,2026-03-04T16:07:56.609Z,NODE_8_11,"S1:95|S2:96|S3:97|RAIN:100",100,4085
LOG_1772640476621,2026-03-04T16:07:56.621Z,NODE_8_12,"S1:95|S2:96|S3:97|RAIN:100",100,4093
LOG_1772640476633,2026-03-04T16:07:56.633Z,NODE_8_13,"S1:95|S2:96|S3:97|RAIN:100",100,4097
LOG_1772640476644,2026-03-04T16:07:56.644Z,NODE_8_14,"S1:95|S2:96|S3:97|RAIN:100",100,4102
LOG_1772640476653,2026-03-04T16:07:56.653Z,NODE_8_15,"S1:95|S2:96|S3:97|RAIN:100",100,4107
LOG_1772640476661,2026-03-04T16:07:56.661Z,NODE_8_16,"S1:95|S2:96|S3:97|RAIN:100",100,4110
LOG_1772640476669,2026-03-04T16:07:56.669Z,NODE_8_17,"S1:95|S2:96|S3:97|RAIN:100",100,4113
LOG_1772640476679,2026-03-04T16:07:56.679Z,NODE_8_18,"S1:95|S2:96|S3:97|RAIN:100",100,4118
LOG_1772640476688,2026-03-04T16:07:56.688Z,NODE_8_19,"S1:95|S2:96|S3:97|RAIN:100",100,4122
LOG_1772640476694,2026-03-04T16:07:56.694Z,NODE_9_0,"S1:95|S2:96|S3:97|RAIN:100",100,4124
LOG_1772640476702,2026-03-04T16:07:56.702Z,NODE_9_1,"S1:95|S2:96|S3:97|RAIN:100",100,4128
LOG_1772640476711,2026-03-04T16:07:56.711Z,NODE_9_2,"S1:95|S2:96|S3:97|RAIN:100",100,4131
LOG_1772640476721,2026-03-04T16:07:56.721Z,NODE_9_3,"S1:95|S2:96|S3:97|RAIN:100",100,4133
LOG_1772640476729,2026-03-04T16:07:56.729Z,NODE_9_4,"S1:95|S2:96|S3:97|RAIN:100",100,4133
LOG_1772640476737,2026-03-04T16:07:56.737Z,NODE_9_5,"S1:95|S2:96|S3:97|RAIN:100",100,4135
LOG_1772640476746,2026-03-04T16:07:56.746Z,NODE_9_6,"S1:95|S2:96|S3:97|RAIN:100",100,4134
LOG_1772640476753,2026-03-04T16:07:56.753Z,NODE_9_7,"S1:89|S2:90|S3:91|RAIN:900",900,4131
LOG_1772640476760,2026-03-04T16:07:56.760Z,NODE_9_8,"S1:89|S2:90|S3:91|RAIN:900",900,4132
LOG_1772640476767,2026-03-04T16:07:56.767Z,NODE_9_9,"S1:89|S2:90|S3:91|RAIN:900",900,4132
LOG_1772640476773,2026-03-04T16:07:56.773Z,NODE_9_10,"S1:95|S2:96|S3:97|RAIN:100",100,4130
LOG_1772640476781,2026-03-04T16:07:56.781Z,NODE_9_11,"S1:95|S2:96|S3:97|RAIN:100",100,4131
LOG_1772640476789,2026-03-04T16:07:56.789Z,NODE_9_12,"S1:95|S2:96|S3:97|RAIN:100",100,4130
LOG_1772640476799,2026-03-04T16:07:56.799Z,NODE_9_13,"S1:95|S2:96|S3:97|RAIN:100",100,4134
LOG_1772640476806,2026-03-04T16:07:56.806Z,NODE_9_14,"S1:95|S2:96|S3:97|RAIN:100",100,4136
LOG_1772640476813,2026-03-04T16:07:56.813Z,NODE_9_15,"S1:95|S2:96|S3:97|RAIN:100",100,4139
LOG_1772640476818,2026-03-04T16:07:56.818Z,NODE_9_16,"S1:95|S2:96|S3:97|RAIN:100",100,4139
LOG_1772640476824,2026-03-04T16:07:56.824Z,NODE_9_17,"S1:95|S2:96|S3:97|RAIN:100",100,4136
LOG_1772640476830,2026-03-04T16:07:56.830Z,NODE_9_18,"S1:95|S2:96|S3:97|RAIN:100",100,4135
LOG_1772640476836,2026-03-04T16:07:56.836Z,NODE_9_19,"S1:95|S2:96|S3:97|RAIN:100",100,4134
LOG_1772640476842,2026-03-04T16:07:56.842Z,NODE_10_0,"S1:95|S2:96|S3:97|RAIN:100",100,4132
LOG_1772640476848,2026-03-04T16:07:56.848Z,NODE_10_1,"S1:95|S2:96|S3:97|RAIN:100",100,4130
LOG_1772640476858,2026-03-04T16:07:56.858Z,NODE_10_2,"S1:95|S2:96|S3:97|RAIN:100",100,4132
LOG_1772640476865,2026-03-04T16:07:56.865Z,NODE_10_3,"S1:95|S2:96|S3:97|RAIN:100",100,4131
LOG_1772640476872,2026-03-04T16:07:56.872Z,NODE_10_4,"S1:95|S2:96|S3:97|RAIN:100",100,4130
LOG_1772640476879,2026-03-04T16:07:56.879Z,NODE_10_5,"S1:95|S2:96|S3:97|RAIN:100",100,4129
LOG_1772640476887,2026-03-04T16:07:56.887Z,NODE_10_6,"S1:95|S2:96|S3:97|RAIN:100",100,4130
LOG_1772640476898,2026-03-04T16:07:56.898Z,NODE_10_7,"S1:89|S2:90|S3:91|RAIN:900",900,4134
LOG_1772640476908,2026-03-04T16:07:56.908Z,NODE_10_8,"S1:89|S2:90|S3:91|RAIN:900",900,4137
LOG_1772640476917,2026-03-04T16:07:56.917Z,NODE_10_9,"S1:89|S2:90|S3:91|RAIN:900",900,4140
LOG_1772640476928,2026-03-04T16:07:56.928Z,NODE_10_10,"S1:95|S2:96|S3:97|RAIN:100",100,4146
LOG_1772640476940,2026-03-04T16:07:56.940Z,NODE_10_11,"S1:95|S2:96|S3:97|RAIN:100",100,4152
LOG_1772640476951,2026-03-04T16:07:56.951Z,NODE_10_12,"S1:95|S2:96|S3:97|RAIN:100",100,4159
LOG_1772640476962,2026-03-04T16:07:56.962Z,NODE_10_13,"S1:95|S2:96|S3:97|RAIN:100",100,4165
LOG_1772640477024,2026-03-04T16:07:57.024Z,NODE_10_14,"S1:95|S2:96|S3:97|RAIN:100",100,4221
LOG_1772640477037,2026-03-04T16:07:57.037Z,NODE_10_15,"S1:95|S2:96|S3:97|RAIN:100",100,4228
LOG_1772640477049,2026-03-04T16:07:57.049Z,NODE_10_16,"S1:95|S2:96|S3:97|RAIN:100",100,4233
LOG_1772640477060,2026-03-04T16:07:57.060Z,NODE_10_17,"S1:95|S2:96|S3:97|RAIN:100",100,4236
LOG_1772640477070,2026-03-04T16:07:57.070Z,NODE_10_18,"S1:95|S2:96|S3:97|RAIN:100",100,4239
LOG_1772640477080,2026-03-04T16:07:57.080Z,NODE_10_19,"S1:95|S2:96|S3:97|RAIN:100",100,4243
LOG_1772640477089,2026-03-04T16:07:57.089Z,NODE_11_0,"S1:95|S2:96|S3:97|RAIN:100",100,4247
LOG_1772640477096,2026-03-04T16:07:57.096Z,NODE_11_1,"S1:95|S2:96|S3:97|RAIN:100",100,4247
LOG_1772640477104,2026-03-04T16:07:57.104Z,NODE_11_2,"S1:95|S2:96|S3:97|RAIN:100",100,4248
LOG_1772640477116,2026-03-04T16:07:57.116Z,NODE_11_3,"S1:95|S2:96|S3:97|RAIN:100",100,4255
LOG_1772640477124,2026-03-04T16:07:57.124Z,NODE_11_4,"S1:95|S2:96|S3:97|RAIN:100",100,4256
LOG_1772640477129,2026-03-04T16:07:57.129Z,NODE_11_5,"S1:95|S2:96|S3:97|RAIN:100",100,4253
LOG_1772640477138,2026-03-04T16:07:57.138Z,NODE_11_6,"S1:95|S2:96|S3:97|RAIN:100",100,4255
LOG_1772640477145,2026-03-04T16:07:57.145Z,NODE_11_7,"S1:95|S2:96|S3:97|RAIN:100",100,4255
LOG_1772640477152,2026-03-04T16:07:57.152Z,NODE_11_8,"S1:89|S2:90|S3:91|RAIN:900",900,4255
LOG_1772640477161,2026-03-04T16:07:57.161Z,NODE_11_9,"S1:89|S2:90|S3:91|RAIN:900",900,4258
LOG_1772640477170,2026-03-04T16:07:57.170Z,NODE_11_10,"S1:95|S2:96|S3:97|RAIN:100",100,4263
LOG_1772640477179,2026-03-04T16:07:57.179Z,NODE_11_11,"S1:95|S2:96|S3:97|RAIN:100",100,4266
LOG_1772640477187,2026-03-04T16:07:57.187Z,NODE_11_12,"S1:95|S2:96|S3:97|RAIN:100",100,4269
LOG_1772640477196,2026-03-04T16:07:57.196Z,NODE_11_13,"S1:95|S2:96|S3:97|RAIN:100",100,4273
LOG_1772640477207,2026-03-04T16:07:57.207Z,NODE_11_14,"S1:95|S2:96|S3:97|RAIN:100",100,4278
LOG_1772640477218,2026-03-04T16:07:57.218Z,NODE_11_15,"S1:95|S2:96|S3:97|RAIN:100",100,4283
LOG_1772640477226,2026-03-04T16:07:57.226Z,NODE_11_16,"S1:95|S2:96|S3:97|RAIN:100",100,4283
LOG_1772640477234,2026-03-04T16:07:57.234Z,NODE_11_17,"S1:95|S2:96|S3:97|RAIN:100",100,4284
LOG_1772640477242,2026-03-04T16:07:57.242Z,NODE_11_18,"S1:95|S2:96|S3:97|RAIN:100",100,4285
LOG_1772640477251,2026-03-04T16:07:57.251Z,NODE_11_19,"S1:95|S2:96|S3:97|RAIN:100",100,4288
LOG_1772640477261,2026-03-04T16:07:57.261Z,NODE_12_0,"S1:95|S2:96|S3:97|RAIN:100",100,4291
LOG_1772640477270,2026-03-04T16:07:57.270Z,NODE_12_1,"S1:95|S2:96|S3:97|RAIN:100",100,4294
LOG_1772640477279,2026-03-04T16:07:57.279Z,NODE_12_2,"S1:95|S2:96|S3:97|RAIN:100",100,4297
LOG_1772640477287,2026-03-04T16:07:57.287Z,NODE_12_3,"S1:95|S2:96|S3:97|RAIN:100",100,4299
LOG_1772640477297,2026-03-04T16:07:57.297Z,NODE_12_4,"S1:95|S2:96|S3:97|RAIN:100",100,4302
LOG_1772640477308,2026-03-04T16:07:57.308Z,NODE_12_5,"S1:95|S2:96|S3:97|RAIN:100",100,4308
LOG_1772640477318,2026-03-04T16:07:57.318Z,NODE_12_6,"S1:95|S2:96|S3:97|RAIN:100",100,4310
LOG_1772640477330,2026-03-04T16:07:57.330Z,NODE_12_7,"S1:95|S2:96|S3:97|RAIN:100",100,4315
LOG_1772640477342,2026-03-04T16:07:57.342Z,NODE_12_8,"S1:95|S2:96|S3:97|RAIN:100",100,4321
LOG_1772640477355,2026-03-04T16:07:57.355Z,NODE_12_9,"S1:89|S2:90|S3:91|RAIN:900",900,4327
LOG_1772640477366,2026-03-04T16:07:57.366Z,NODE_12_10,"S1:89|S2:90|S3:91|RAIN:900",900,4331
LOG_1772640477379,2026-03-04T16:07:57.379Z,NODE_12_11,"S1:95|S2:96|S3:97|RAIN:100",100,4336
LOG_1772640477390,2026-03-04T16:07:57.390Z,NODE_12_12,"S1:95|S2:96|S3:97|RAIN:100",100,4340
LOG_1772640477403,2026-03-04T16:07:57.403Z,NODE_12_13,"S1:95|S2:96|S3:97|RAIN:100",100,4347
LOG_1772640477414,2026-03-04T16:07:57.414Z,NODE_12_14,"S1:95|S2:96|S3:97|RAIN:100",100,4352
LOG_1772640477425,2026-03-04T16:07:57.425Z,NODE_12_15,"S1:95|S2:96|S3:97|RAIN:100",100,4357
LOG_1772640477435,2026-03-04T16:07:57.436Z,NODE_12_16,"S1:95|S2:96|S3:97|RAIN:100",100,4357
LOG_1772640477449,2026-03-04T16:07:57.449Z,NODE_12_17,"S1:95|S2:96|S3:97|RAIN:100",100,4359
LOG_1772640477460,2026-03-04T16:07:57.460Z,NODE_12_18,"S1:95|S2:96|S3:97|RAIN:100",100,4361
LOG_1772640477473,2026-03-04T16:07:57.473Z,NODE_12_19,"S1:95|S2:96|S3:97|RAIN:100",100,4365
LOG_1772640477485,2026-03-04T16:07:57.485Z,NODE_13_0,"S1:95|S2:96|S3:97|RAIN:100",100,4368
LOG_1772640477494,2026-03-04T16:07:57.494Z,NODE_13_1,"S1:95|S2:96|S3:97|RAIN:100",100,4370
LOG_1772640477502,2026-03-04T16:07:57.502Z,NODE_13_2,"S1:95|S2:96|S3:97|RAIN:100",100,4371
LOG_1772640477511,2026-03-04T16:07:57.511Z,NODE_13_3,"S1:95|S2:96|S3:97|RAIN:100",100,4374
LOG_1772640477520,2026-03-04T16:07:57.520Z,NODE_13_4,"S1:95|S2:96|S3:97|RAIN:100",100,4379
LOG_1772640477527,2026-03-04T16:07:57.527Z,NODE_13_5,"S1:95|S2:96|S3:97|RAIN:100",100,4382
LOG_1772640477532,2026-03-04T16:07:57.532Z,NODE_13_6,"S1:95|S2:96|S3:97|RAIN:100",100,4383
LOG_1772640477542,2026-03-04T16:07:57.542Z,NODE_13_7,"S1:95|S2:96|S3:97|RAIN:100",100,4389
LOG_1772640477552,2026-03-04T16:07:57.552Z,NODE_13_8,"S1:95|S2:96|S3:97|RAIN:100",100,4396
LOG_1772640477562,2026-03-04T16:07:57.562Z,NODE_13_9,"S1:95|S2:96|S3:97|RAIN:100",100,4402
LOG_1772640477569,2026-03-04T16:07:57.569Z,NODE_13_10,"S1:89|S2:90|S3:91|RAIN:900",900,4405
LOG_1772640477577,2026-03-04T16:07:57.577Z,NODE_13_11,"S1:89|S2:90|S3:91|RAIN:900",900,4410
LOG_1772640477584,2026-03-04T16:07:57.584Z,NODE_13_12,"S1:95|S2:96|S3:97|RAIN:100",100,4410
LOG_1772640477592,2026-03-04T16:07:57.592Z,NODE_13_13,"S1:95|S2:96|S3:97|RAIN:100",100,4409
LOG_1772640477600,2026-03-04T16:07:57.600Z,NODE_13_14,"S1:95|S2:96|S3:97|RAIN:100",100,4411
LOG_1772640477611,2026-03-04T16:07:57.611Z,NODE_13_15,"S1:95|S2:96|S3:97|RAIN:100",100,4417
LOG_1772640477621,2026-03-04T16:07:57.621Z,NODE_13_16,"S1:95|S2:96|S3:97|RAIN:100",100,4421
LOG_1772640477633,2026-03-04T16:07:57.633Z,NODE_13_17,"S1:95|S2:96|S3:97|RAIN:100",100,4427
LOG_1772640477642,2026-03-04T16:07:57.642Z,NODE_13_18,"S1:95|S2:96|S3:97|RAIN:100",100,4430
LOG_1772640477651,2026-03-04T16:07:57.651Z,NODE_13_19,"S1:95|S2:96|S3:97|RAIN:100",100,4434
LOG_1772640477661,2026-03-04T16:07:57.661Z,NODE_14_0,"S1:95|S2:96|S3:97|RAIN:100",100,4438
LOG_1772640477672,2026-03-04T16:07:57.672Z,NODE_14_1,"S1:95|S2:96|S3:97|RAIN:100",100,4441
LOG_1772640477681,2026-03-04T16:07:57.681Z,NODE_14_2,"S1:95|S2:96|S3:97|RAIN:100",100,4442
LOG_1772640477693,2026-03-04T16:07:57.693Z,NODE_14_3,"S1:95|S2:96|S3:97|RAIN:100",100,4446
LOG_1772640477703,2026-03-04T16:07:57.703Z,NODE_14_4,"S1:95|S2:96|S3:97|RAIN:100",100,4450
LOG_1772640477712,2026-03-04T16:07:57.713Z,NODE_14_5,"S1:95|S2:96|S3:97|RAIN:100",100,4453
LOG_1772640477724,2026-03-04T16:07:57.724Z,NODE_14_6,"S1:95|S2:96|S3:97|RAIN:100",100,4458
LOG_1772640477732,2026-03-04T16:07:57.732Z,NODE_14_7,"S1:95|S2:96|S3:97|RAIN:100",100,4458
LOG_1772640477740,2026-03-04T16:07:57.740Z,NODE_14_8,"S1:95|S2:96|S3:97|RAIN:100",100,4460
LOG_1772640477748,2026-03-04T16:07:57.748Z,NODE_14_9,"S1:95|S2:96|S3:97|RAIN:100",100,4463
LOG_1772640477758,2026-03-04T16:07:57.758Z,NODE_14_10,"S1:89|S2:90|S3:91|RAIN:900",900,4469
LOG_1772640477770,2026-03-04T16:07:57.770Z,NODE_14_11,"S1:89|S2:90|S3:91|RAIN:900",900,4476
LOG_1772640477783,2026-03-04T16:07:57.783Z,NODE_14_12,"S1:89|S2:90|S3:91|RAIN:900",900,4485
LOG_1772640477797,2026-03-04T16:07:57.797Z,NODE_14_13,"S1:95|S2:96|S3:97|RAIN:100",100,4493
LOG_1772640477809,2026-03-04T16:07:57.809Z,NODE_14_14,"S1:95|S2:96|S3:97|RAIN:100",100,4499
LOG_1772640477821,2026-03-04T16:07:57.821Z,NODE_14_15,"S1:95|S2:96|S3:97|RAIN:100",100,4505
LOG_1772640477831,2026-03-04T16:07:57.831Z,NODE_14_16,"S1:95|S2:96|S3:97|RAIN:100",100,4509
LOG_1772640477841,2026-03-04T16:07:57.841Z,NODE_14_17,"S1:95|S2:96|S3:97|RAIN:100",100,4512
LOG_1772640477850,2026-03-04T16:07:57.850Z,NODE_14_18,"S1:95|S2:96|S3:97|RAIN:100",100,4515
LOG_1772640477860,2026-03-04T16:07:57.860Z,NODE_14_19,"S1:95|S2:96|S3:97|RAIN:100",100,4515
LOG_1772640477873,2026-03-04T16:07:57.873Z,NODE_15_0,"S1:95|S2:96|S3:97|RAIN:100",100,4520
LOG_1772640477882,2026-03-04T16:07:57.882Z,NODE_15_1,"S1:95|S2:96|S3:97|RAIN:100",100,4522
LOG_1772640477892,2026-03-04T16:07:57.892Z,NODE_15_2,"S1:95|S2:96|S3:97|RAIN:100",100,4525
LOG_1772640477903,2026-03-04T16:07:57.903Z,NODE_15_3,"S1:95|S2:96|S3:97|RAIN:100",100,4528
LOG_1772640477909,2026-03-04T16:07:57.909Z,NODE_15_4,"S1:95|S2:96|S3:97|RAIN:100",100,4526
LOG_1772640477915,2026-03-04T16:07:57.915Z,NODE_15_5,"S1:95|S2:96|S3:97|RAIN:100",100,4525
LOG_1772640477921,2026-03-04T16:07:57.921Z,NODE_15_6,"S1:95|S2:96|S3:97|RAIN:100",100,4524
LOG_1772640477929,2026-03-04T16:07:57.929Z,NODE_15_7,"S1:95|S2:96|S3:97|RAIN:100",100,4525
LOG_1772640477938,2026-03-04T16:07:57.938Z,NODE_15_8,"S1:95|S2:96|S3:97|RAIN:100",100,4526
LOG_1772640477948,2026-03-04T16:07:57.948Z,NODE_15_9,"S1:95|S2:96|S3:97|RAIN:100",100,4528
LOG_1772640477957,2026-03-04T16:07:57.957Z,NODE_15_10,"S1:95|S2:96|S3:97|RAIN:100",100,4528
LOG_1772640477964,2026-03-04T16:07:57.964Z,NODE_15_11,"S1:89|S2:90|S3:91|RAIN:900",900,4528
LOG_1772640477970,2026-03-04T16:07:57.970Z,NODE_15_12,"S1:89|S2:90|S3:91|RAIN:900",900,4523
LOG_1772640477977,2026-03-04T16:07:57.977Z,NODE_15_13,"S1:89|S2:90|S3:91|RAIN:900",900,4524
LOG_1772640477986,2026-03-04T16:07:57.986Z,NODE_15_14,"S1:95|S2:96|S3:97|RAIN:100",100,4523
LOG_1772640477996,2026-03-04T16:07:57.996Z,NODE_15_15,"S1:95|S2:96|S3:97|RAIN:100",100,4528
LOG_1772640478006,2026-03-04T16:07:58.006Z,NODE_15_16,"S1:95|S2:96|S3:97|RAIN:100",100,4532
LOG_1772640478020,2026-03-04T16:07:58.020Z,NODE_15_17,"S1:95|S2:96|S3:97|RAIN:100",100,4541
LOG_1772640478033,2026-03-04T16:07:58.033Z,NODE_15_18,"S1:95|S2:96|S3:97|RAIN:100",100,4549
LOG_1772640478042,2026-03-04T16:07:58.042Z,NODE_15_19,"S1:95|S2:96|S3:97|RAIN:100",100,4553
LOG_1772640478052,2026-03-04T16:07:58.052Z,NODE_16_0,"S1:95|S2:96|S3:97|RAIN:100",100,4557
LOG_1772640478065,2026-03-04T16:07:58.065Z,NODE_16_1,"S1:95|S2:96|S3:97|RAIN:100",100,4564
LOG_1772640478076,2026-03-04T16:07:58.076Z,NODE_16_2,"S1:95|S2:96|S3:97|RAIN:100",100,4569
LOG_1772640478087,2026-03-04T16:07:58.087Z,NODE_16_3,"S1:95|S2:96|S3:97|RAIN:100",100,4574
LOG_1772640478099,2026-03-04T16:07:58.099Z,NODE_16_4,"S1:95|S2:96|S3:97|RAIN:100",100,4582
LOG_1772640478122,2026-03-04T16:07:58.122Z,NODE_16_5,"S1:95|S2:96|S3:97|RAIN:100",100,4599
LOG_1772640478138,2026-03-04T16:07:58.138Z,NODE_16_6,"S1:95|S2:96|S3:97|RAIN:100",100,4609
LOG_1772640478149,2026-03-04T16:07:58.149Z,NODE_16_7,"S1:95|S2:96|S3:97|RAIN:100",100,4612
LOG_1772640478161,2026-03-04T16:07:58.161Z,NODE_16_8,"S1:95|S2:96|S3:97|RAIN:100",100,4617
LOG_1772640478172,2026-03-04T16:07:58.172Z,NODE_16_9,"S1:95|S2:96|S3:97|RAIN:100",100,4622
LOG_1772640478183,2026-03-04T16:07:58.183Z,NODE_16_10,"S1:95|S2:96|S3:97|RAIN:100",100,4625
LOG_1772640478194,2026-03-04T16:07:58.194Z,NODE_16_11,"S1:89|S2:90|S3:91|RAIN:900",900,4629
LOG_1772640478205,2026-03-04T16:07:58.205Z,NODE_16_12,"S1:89|S2:90|S3:91|RAIN:900",900,4632
LOG_1772640478215,2026-03-04T16:07:58.215Z,NODE_16_13,"S1:89|S2:90|S3:91|RAIN:900",900,4636
LOG_1772640478225,2026-03-04T16:07:58.225Z,NODE_16_14,"S1:95|S2:96|S3:97|RAIN:100",100,4639
LOG_1772640478235,2026-03-04T16:07:58.235Z,NODE_16_15,"S1:95|S2:96|S3:97|RAIN:100",100,4644
LOG_1772640478244,2026-03-04T16:07:58.244Z,NODE_16_16,"S1:95|S2:96|S3:97|RAIN:100",100,4647
LOG_1772640478254,2026-03-04T16:07:58.254Z,NODE_16_17,"S1:95|S2:96|S3:97|RAIN:100",100,4651
LOG_1772640478265,2026-03-04T16:07:58.265Z,NODE_16_18,"S1:95|S2:96|S3:97|RAIN:100",100,4657
LOG_1772640478276,2026-03-04T16:07:58.276Z,NODE_16_19,"S1:95|S2:96|S3:97|RAIN:100",100,4662
LOG_1772640478288,2026-03-04T16:07:58.288Z,NODE_17_0,"S1:95|S2:96|S3:97|RAIN:100",100,4668
LOG_1772640478300,2026-03-04T16:07:58.300Z,NODE_17_1,"S1:95|S2:96|S3:97|RAIN:100",100,4676
LOG_1772640478312,2026-03-04T16:07:58.312Z,NODE_17_2,"S1:95|S2:96|S3:97|RAIN:100",100,4683
LOG_1772640478323,2026-03-04T16:07:58.323Z,NODE_17_3,"S1:95|S2:96|S3:97|RAIN:100",100,4689
LOG_1772640478333,2026-03-04T16:07:58.333Z,NODE_17_4,"S1:95|S2:96|S3:97|RAIN:100",100,4695
LOG_1772640478343,2026-03-04T16:07:58.343Z,NODE_17_5,"S1:95|S2:96|S3:97|RAIN:100",100,4701
LOG_1772640478352,2026-03-04T16:07:58.352Z,NODE_17_6,"S1:95|S2:96|S3:97|RAIN:100",100,4706
LOG_1772640478362,2026-03-04T16:07:58.362Z,NODE_17_7,"S1:95|S2:96|S3:97|RAIN:100",100,4712
LOG_1772640478374,2026-03-04T16:07:58.374Z,NODE_17_8,"S1:95|S2:96|S3:97|RAIN:100",100,4721
LOG_1772640478388,2026-03-04T16:07:58.388Z,NODE_17_9,"S1:95|S2:96|S3:97|RAIN:100",100,4732
LOG_1772640478400,2026-03-04T16:07:58.400Z,NODE_17_10,"S1:95|S2:96|S3:97|RAIN:100",100,4740
LOG_1772640478413,2026-03-04T16:07:58.413Z,NODE_17_11,"S1:89|S2:90|S3:91|RAIN:900",900,4749
LOG_1772640478425,2026-03-04T16:07:58.425Z,NODE_17_12,"S1:89|S2:90|S3:91|RAIN:900",900,4757
LOG_1772640478438,2026-03-04T16:07:58.438Z,NODE_17_13,"S1:95|S2:96|S3:97|RAIN:100",100,4765
LOG_1772640478449,2026-03-04T16:07:58.449Z,NODE_17_14,"S1:95|S2:96|S3:97|RAIN:100",100,4771
LOG_1772640478459,2026-03-04T16:07:58.459Z,NODE_17_15,"S1:95|S2:96|S3:97|RAIN:100",100,4774
LOG_1772640478467,2026-03-04T16:07:58.467Z,NODE_17_16,"S1:95|S2:96|S3:97|RAIN:100",100,4776
LOG_1772640478479,2026-03-04T16:07:58.479Z,NODE_17_17,"S1:95|S2:96|S3:97|RAIN:100",100,4782
LOG_1772640478509,2026-03-04T16:07:58.509Z,NODE_17_18,"S1:95|S2:96|S3:97|RAIN:100",100,4806
LOG_1772640478515,2026-03-04T16:07:58.515Z,NODE_17_19,"S1:95|S2:96|S3:97|RAIN:100",100,4806
LOG_1772640478522,2026-03-04T16:07:58.522Z,NODE_18_0,"S1:95|S2:96|S3:97|RAIN:100",100,4807
LOG_1772640478531,2026-03-04T16:07:58.531Z,NODE_18_1,"S1:95|S2:96|S3:97|RAIN:100",100,4810
LOG_1772640478539,2026-03-04T16:07:58.539Z,NODE_18_2,"S1:95|S2:96|S3:97|RAIN:100",100,4811
LOG_1772640478548,2026-03-04T16:07:58.548Z,NODE_18_3,"S1:95|S2:96|S3:97|RAIN:100",100,4813
LOG_1772640478557,2026-03-04T16:07:58.557Z,NODE_18_4,"S1:95|S2:96|S3:97|RAIN:100",100,4815
LOG_1772640478568,2026-03-04T16:07:58.568Z,NODE_18_5,"S1:95|S2:96|S3:97|RAIN:100",100,4821
LOG_1772640478580,2026-03-04T16:07:58.580Z,NODE_18_6,"S1:95|S2:96|S3:97|RAIN:100",100,4827
LOG_1772640478590,2026-03-04T16:07:58.590Z,NODE_18_7,"S1:95|S2:96|S3:97|RAIN:100",100,4832
LOG_1772640478597,2026-03-04T16:07:58.597Z,NODE_18_8,"S1:95|S2:96|S3:97|RAIN:100",100,4833
LOG_1772640478606,2026-03-04T16:07:58.606Z,NODE_18_9,"S1:95|S2:96|S3:97|RAIN:100",100,4835
LOG_1772640478615,2026-03-04T16:07:58.615Z,NODE_18_10,"S1:89|S2:90|S3:91|RAIN:900",900,4837
LOG_1772640478626,2026-03-04T16:07:58.626Z,NODE_18_11,"S1:89|S2:90|S3:91|RAIN:900",900,4840
LOG_1772640478639,2026-03-04T16:07:58.639Z,NODE_18_12,"S1:89|S2:90|S3:91|RAIN:900",900,4845
LOG_1772640478653,2026-03-04T16:07:58.653Z,NODE_18_13,"S1:95|S2:96|S3:97|RAIN:100",100,4852
LOG_1772640478666,2026-03-04T16:07:58.666Z,NODE_18_14,"S1:95|S2:96|S3:97|RAIN:100",100,4858
LOG_1772640478678,2026-03-04T16:07:58.678Z,NODE_18_15,"S1:95|S2:96|S3:97|RAIN:100",100,4864
LOG_1772640478689,2026-03-04T16:07:58.689Z,NODE_18_16,"S1:95|S2:96|S3:97|RAIN:100",100,4868
LOG_1772640478701,2026-03-04T16:07:58.701Z,NODE_18_17,"S1:95|S2:96|S3:97|RAIN:100",100,4873
LOG_1772640478714,2026-03-04T16:07:58.714Z,NODE_18_18,"S1:95|S2:96|S3:97|RAIN:100",100,4880
LOG_1772640478728,2026-03-04T16:07:58.728Z,NODE_18_19,"S1:95|S2:96|S3:97|RAIN:100",100,4888
LOG_1772640478740,2026-03-04T16:07:58.740Z,NODE_19_0,"S1:95|S2:96|S3:97|RAIN:100",100,4894
LOG_1772640478750,2026-03-04T16:07:58.750Z,NODE_19_1,"S1:95|S2:96|S3:97|RAIN:100",100,4897
LOG_1772640478760,2026-03-04T16:07:58.760Z,NODE_19_2,"S1:95|S2:96|S3:97|RAIN:100",100,4903
LOG_1772640478768,2026-03-04T16:07:58.768Z,NODE_19_3,"S1:95|S2:96|S3:97|RAIN:100",100,4908
LOG_1772640478777,2026-03-04T16:07:58.777Z,NODE_19_4,"S1:95|S2:96|S3:97|RAIN:100",100,4913
LOG_1772640478788,2026-03-04T16:07:58.788Z,NODE_19_5,"S1:95|S2:96|S3:97|RAIN:100",100,4920
LOG_1772640478798,2026-03-04T16:07:58.798Z,NODE_19_6,"S1:95|S2:96|S3:97|RAIN:100",100,4925
LOG_1772640478809,2026-03-04T16:07:58.809Z,NODE_19_7,"S1:95|S2:96|S3:97|RAIN:100",100,4933
LOG_1772640478822,2026-03-04T16:07:58.822Z,NODE_19_8,"S1:95|S2:96|S3:97|RAIN:100",100,4942
LOG_1772640478837,2026-03-04T16:07:58.837Z,NODE_19_9,"S1:89|S2:90|S3:91|RAIN:900",900,4953
LOG_1772640478851,2026-03-04T16:07:58.851Z,NODE_19_10,"S1:89|S2:90|S3:91|RAIN:900",900,4963
LOG_1772640478864,2026-03-04T16:07:58.864Z,NODE_19_11,"S1:89|S2:90|S3:91|RAIN:900",900,4971
LOG_1772640478877,2026-03-04T16:07:58.877Z,NODE_19_12,"S1:95|S2:96|S3:97|RAIN:100",100,4977
LOG_1772640478889,2026-03-04T16:07:58.889Z,NODE_19_13,"S1:95|S2:96|S3:97|RAIN:100",100,4981
LOG_1772640478903,2026-03-04T16:07:58.903Z,NODE_19_14,"S1:95|S2:96|S3:97|RAIN:100",100,4989
LOG_1772640478915,2026-03-04T16:07:58.915Z,NODE_19_15,"S1:95|S2:96|S3:97|RAIN:100",100,4995
LOG_1772640478929,2026-03-04T16:07:58.929Z,NODE_19_16,"S1:95|S2:96|S3:97|RAIN:100",100,5002
LOG_1772640478942,2026-03-04T16:07:58.942Z,NODE_19_17,"S1:95|S2:96|S3:97|RAIN:100",100,5010
LOG_1772640478954,2026-03-04T16:07:58.954Z,NODE_19_18,"S1:95|S2:96|S3:97|RAIN:100",100,5017
LOG_1772640478967,2026-03-04T16:07:58.967Z,NODE_19_19,"S1:95|S2:96|S3:97|RAIN:100",100,5026
LOG_1773155220606,2026-03-10T15:07:00.606Z,NODE_01,"S1:48.977",4095,6207
LOG_1774278418398,2026-03-23T15:06:58.398Z,NODE_0_0,"S1:95|S2:96|S3:97|RAIN:100",100,3568
LOG_1774278418404,2026-03-23T15:06:58.404Z,NODE_0_1,"S1:95|S2:96|S3:97|RAIN:100",100,3554
LOG_1774278418409,2026-03-23T15:06:58.409Z,NODE_0_2,"S1:95|S2:96|S3:97|RAIN:100",100,3552
LOG_1774278418414,2026-03-23T15:06:58.414Z,NODE_0_3,"S1:95|S2:96|S3:97|RAIN:100",100,3550
LOG_1774278418420,2026-03-23T15:06:58.420Z,NODE_0_4,"S1:95|S2:96|S3:97|RAIN:100",100,3547
LOG_1774278418425,2026-03-23T15:06:58.425Z,NODE_0_5,"S1:95|S2:96|S3:97|RAIN:100",100,3543
LOG_1774278418430,2026-03-23T15:06:58.430Z,NODE_0_6,"S1:95|S2:96|S3:97|RAIN:100",100,3539
LOG_1774278418434,2026-03-23T15:06:58.434Z,NODE_0_7,"S1:95|S2:96|S3:97|RAIN:100",100,3535
LOG_1774278418439,2026-03-23T15:06:58.439Z,NODE_0_8,"S1:95|S2:96|S3:97|RAIN:100",100,3527
LOG_1774278418445,2026-03-23T15:06:58.445Z,NODE_0_9,"S1:85|S2:86|S3:87|RAIN:900",900,3518
LOG_1774278418449,2026-03-23T15:06:58.449Z,NODE_0_10,"S1:85|S2:86|S3:87|RAIN:900",900,3508
LOG_1774278418453,2026-03-23T15:06:58.453Z,NODE_0_11,"S1:85|S2:86|S3:87|RAIN:900",900,3503
LOG_1774278418456,2026-03-23T15:06:58.456Z,NODE_0_12,"S1:95|S2:96|S3:97|RAIN:100",100,3496
LOG_1774278418460,2026-03-23T15:06:58.460Z,NODE_0_13,"S1:95|S2:96|S3:97|RAIN:100",100,3492
LOG_1774278418464,2026-03-23T15:06:58.464Z,NODE_0_14,"S1:95|S2:96|S3:97|RAIN:100",100,3488
LOG_1774278418468,2026-03-23T15:06:58.468Z,NODE_0_15,"S1:95|S2:96|S3:97|RAIN:100",100,3485
LOG_1774278418471,2026-03-23T15:06:58.471Z,NODE_0_16,"S1:95|S2:96|S3:97|RAIN:100",100,3483
LOG_1774278418475,2026-03-23T15:06:58.475Z,NODE_0_17,"S1:95|S2:96|S3:97|RAIN:100",100,3483
LOG_1774278418479,2026-03-23T15:06:58.479Z,NODE_0_18,"S1:95|S2:96|S3:97|RAIN:100",100,3483
LOG_1774278418483,2026-03-23T15:06:58.483Z,NODE_0_19,"S1:95|S2:96|S3:97|RAIN:100",100,3482
LOG_1774278418486,2026-03-23T15:06:58.486Z,NODE_1_0,"S1:95|S2:96|S3:97|RAIN:100",100,3481
LOG_1774278418490,2026-03-23T15:06:58.490Z,NODE_1_1,"S1:95|S2:96|S3:97|RAIN:100",100,3480
LOG_1774278418494,2026-03-23T15:06:58.494Z,NODE_1_2,"S1:95|S2:96|S3:97|RAIN:100",100,3480
LOG_1774278418498,2026-03-23T15:06:58.498Z,NODE_1_3,"S1:95|S2:96|S3:97|RAIN:100",100,3479
LOG_1774278418502,2026-03-23T15:06:58.502Z,NODE_1_4,"S1:95|S2:96|S3:97|RAIN:100",100,3478
LOG_1774278418505,2026-03-23T15:06:58.505Z,NODE_1_5,"S1:95|S2:96|S3:97|RAIN:100",100,3477
LOG_1774278418509,2026-03-23T15:06:58.509Z,NODE_1_6,"S1:95|S2:96|S3:97|RAIN:100",100,3475
LOG_1774278418513,2026-03-23T15:06:58.513Z,NODE_1_7,"S1:95|S2:96|S3:97|RAIN:100",100,3473
LOG_1774278418517,2026-03-23T15:06:58.517Z,NODE_1_8,"S1:95|S2:96|S3:97|RAIN:100",100,3473
LOG_1774278418524,2026-03-23T15:06:58.524Z,NODE_1_9,"S1:95|S2:96|S3:97|RAIN:100",100,3475
LOG_1774278418530,2026-03-23T15:06:58.530Z,NODE_1_10,"S1:85|S2:86|S3:87|RAIN:900",900,3475
LOG_1774278418537,2026-03-23T15:06:58.537Z,NODE_1_11,"S1:85|S2:86|S3:87|RAIN:900",900,3476
LOG_1774278418543,2026-03-23T15:06:58.543Z,NODE_1_12,"S1:85|S2:86|S3:87|RAIN:900",900,3477
LOG_1774278418547,2026-03-23T15:06:58.547Z,NODE_1_13,"S1:95|S2:96|S3:97|RAIN:100",100,3475
LOG_1774278418551,2026-03-23T15:06:58.551Z,NODE_1_14,"S1:95|S2:96|S3:97|RAIN:100",100,3474
LOG_1774278418556,2026-03-23T15:06:58.556Z,NODE_1_15,"S1:95|S2:96|S3:97|RAIN:100",100,3474
LOG_1774278418560,2026-03-23T15:06:58.560Z,NODE_1_16,"S1:95|S2:96|S3:97|RAIN:100",100,3472
LOG_1774278418567,2026-03-23T15:06:58.567Z,NODE_1_17,"S1:95|S2:96|S3:97|RAIN:100",100,3475
LOG_1774278418575,2026-03-23T15:06:58.575Z,NODE_1_18,"S1:95|S2:96|S3:97|RAIN:100",100,3476
LOG_1774278418580,2026-03-23T15:06:58.580Z,NODE_1_19,"S1:95|S2:96|S3:97|RAIN:100",100,3475
LOG_1774278418585,2026-03-23T15:06:58.585Z,NODE_2_0,"S1:95|S2:96|S3:97|RAIN:100",100,3473
LOG_1774278418590,2026-03-23T15:06:58.590Z,NODE_2_1,"S1:95|S2:96|S3:97|RAIN:100",100,3474
LOG_1774278418594,2026-03-23T15:06:58.594Z,NODE_2_2,"S1:95|S2:96|S3:97|RAIN:100",100,3473
LOG_1774278418598,2026-03-23T15:06:58.598Z,NODE_2_3,"S1:95|S2:96|S3:97|RAIN:100",100,3470
LOG_1774278418602,2026-03-23T15:06:58.602Z,NODE_2_4,"S1:95|S2:96|S3:97|RAIN:100",100,3469
LOG_1774278418606,2026-03-23T15:06:58.606Z,NODE_2_5,"S1:95|S2:96|S3:97|RAIN:100",100,3467
LOG_1774278418611,2026-03-23T15:06:58.611Z,NODE_2_6,"S1:95|S2:96|S3:97|RAIN:100",100,3468
LOG_1774278418616,2026-03-23T15:06:58.616Z,NODE_2_7,"S1:95|S2:96|S3:97|RAIN:100",100,3467
LOG_1774278418621,2026-03-23T15:06:58.621Z,NODE_2_8,"S1:95|S2:96|S3:97|RAIN:100",100,3465
LOG_1774278418625,2026-03-23T15:06:58.625Z,NODE_2_9,"S1:95|S2:96|S3:97|RAIN:100",100,3463
LOG_1774278418630,2026-03-23T15:06:58.630Z,NODE_2_10,"S1:95|S2:96|S3:97|RAIN:100",100,3462
LOG_1774278418634,2026-03-23T15:06:58.634Z,NODE_2_11,"S1:85|S2:86|S3:87|RAIN:900",900,3458
LOG_1774278418638,2026-03-23T15:06:58.638Z,NODE_2_12,"S1:85|S2:86|S3:87|RAIN:900",900,3453
LOG_1774278418643,2026-03-23T15:06:58.643Z,NODE_2_13,"S1:85|S2:86|S3:87|RAIN:900",900,3451
LOG_1774278418648,2026-03-23T15:06:58.648Z,NODE_2_14,"S1:95|S2:96|S3:97|RAIN:100",100,3448
LOG_1774278418653,2026-03-23T15:06:58.653Z,NODE_2_15,"S1:95|S2:96|S3:97|RAIN:100",100,3448
LOG_1774278418658,2026-03-23T15:06:58.658Z,NODE_2_16,"S1:95|S2:96|S3:97|RAIN:100",100,3446
LOG_1774278418662,2026-03-23T15:06:58.662Z,NODE_2_17,"S1:95|S2:96|S3:97|RAIN:100",100,3442
LOG_1774278418666,2026-03-23T15:06:58.666Z,NODE_2_18,"S1:95|S2:96|S3:97|RAIN:100",100,3439
LOG_1774278418669,2026-03-23T15:06:58.669Z,NODE_2_19,"S1:95|S2:96|S3:97|RAIN:100",100,3433
LOG_1774278418673,2026-03-23T15:06:58.673Z,NODE_3_0,"S1:95|S2:96|S3:97|RAIN:100",100,3429
LOG_1774278418676,2026-03-23T15:06:58.676Z,NODE_3_1,"S1:95|S2:96|S3:97|RAIN:100",100,3424
LOG_1774278418680,2026-03-23T15:06:58.680Z,NODE_3_2,"S1:95|S2:96|S3:97|RAIN:100",100,3419
LOG_1774278418684,2026-03-23T15:06:58.684Z,NODE_3_3,"S1:95|S2:96|S3:97|RAIN:100",100,3414
LOG_1774278418688,2026-03-23T15:06:58.688Z,NODE_3_4,"S1:95|S2:96|S3:97|RAIN:100",100,3409
LOG_1774278418691,2026-03-23T15:06:58.691Z,NODE_3_5,"S1:95|S2:96|S3:97|RAIN:100",100,3403
LOG_1774278418695,2026-03-23T15:06:58.695Z,NODE_3_6,"S1:95|S2:96|S3:97|RAIN:100",100,3399
LOG_1774278418699,2026-03-23T15:06:58.699Z,NODE_3_7,"S1:95|S2:96|S3:97|RAIN:100",100,3392
LOG_1774278418704,2026-03-23T15:06:58.704Z,NODE_3_8,"S1:95|S2:96|S3:97|RAIN:100",100,3386
LOG_1774278418708,2026-03-23T15:06:58.708Z,NODE_3_9,"S1:95|S2:96|S3:97|RAIN:100",100,3379
LOG_1774278418713,2026-03-23T15:06:58.713Z,NODE_3_10,"S1:95|S2:96|S3:97|RAIN:100",100,3374
LOG_1774278418717,2026-03-23T15:06:58.717Z,NODE_3_11,"S1:85|S2:86|S3:87|RAIN:900",900,3370
LOG_1774278418721,2026-03-23T15:06:58.721Z,NODE_3_12,"S1:85|S2:86|S3:87|RAIN:900",900,3367
LOG_1774278418724,2026-03-23T15:06:58.724Z,NODE_3_13,"S1:85|S2:86|S3:87|RAIN:900",900,3362
LOG_1774278418728,2026-03-23T15:06:58.728Z,NODE_3_14,"S1:95|S2:96|S3:97|RAIN:100",100,3357
LOG_1774278418732,2026-03-23T15:06:58.732Z,NODE_3_15,"S1:95|S2:96|S3:97|RAIN:100",100,3353
LOG_1774278418735,2026-03-23T15:06:58.735Z,NODE_3_16,"S1:95|S2:96|S3:97|RAIN:100",100,3347
LOG_1774278418738,2026-03-23T15:06:58.738Z,NODE_3_17,"S1:95|S2:96|S3:97|RAIN:100",100,3342
LOG_1774278418742,2026-03-23T15:06:58.742Z,NODE_3_18,"S1:95|S2:96|S3:97|RAIN:100",100,3336
LOG_1774278418745,2026-03-23T15:06:58.745Z,NODE_3_19,"S1:95|S2:96|S3:97|RAIN:100",100,3330
LOG_1774278418748,2026-03-23T15:06:58.748Z,NODE_4_0,"S1:95|S2:96|S3:97|RAIN:100",100,3323
LOG_1774278418752,2026-03-23T15:06:58.752Z,NODE_4_1,"S1:95|S2:96|S3:97|RAIN:100",100,3319
LOG_1774278418756,2026-03-23T15:06:58.756Z,NODE_4_2,"S1:95|S2:96|S3:97|RAIN:100",100,3315
LOG_1774278418760,2026-03-23T15:06:58.760Z,NODE_4_3,"S1:95|S2:96|S3:97|RAIN:100",100,3312
LOG_1774278418763,2026-03-23T15:06:58.763Z,NODE_4_4,"S1:95|S2:96|S3:97|RAIN:100",100,3309
LOG_1774278418767,2026-03-23T15:06:58.767Z,NODE_4_5,"S1:95|S2:96|S3:97|RAIN:100",100,3308
LOG_1774278418771,2026-03-23T15:06:58.771Z,NODE_4_6,"S1:95|S2:96|S3:97|RAIN:100",100,3306
LOG_1774278418774,2026-03-23T15:06:58.774Z,NODE_4_7,"S1:95|S2:96|S3:97|RAIN:100",100,3300
LOG_1774278418777,2026-03-23T15:06:58.777Z,NODE_4_8,"S1:95|S2:96|S3:97|RAIN:100",100,3295
LOG_1774278418780,2026-03-23T15:06:58.780Z,NODE_4_9,"S1:95|S2:96|S3:97|RAIN:100",100,3289
LOG_1774278418783,2026-03-23T15:06:58.783Z,NODE_4_10,"S1:95|S2:96|S3:97|RAIN:100",100,3281
LOG_1774278418786,2026-03-23T15:06:58.786Z,NODE_4_11,"S1:85|S2:86|S3:87|RAIN:900",900,3275
LOG_1774278418790,2026-03-23T15:06:58.790Z,NODE_4_12,"S1:85|S2:86|S3:87|RAIN:900",900,3270
LOG_1774278418793,2026-03-23T15:06:58.793Z,NODE_4_13,"S1:85|S2:86|S3:87|RAIN:900",900,3265
LOG_1774278418796,2026-03-23T15:06:58.796Z,NODE_4_14,"S1:95|S2:96|S3:97|RAIN:100",100,3259
LOG_1774278418799,2026-03-23T15:06:58.799Z,NODE_4_15,"S1:95|S2:96|S3:97|RAIN:100",100,3251
LOG_1774278418802,2026-03-23T15:06:58.802Z,NODE_4_16,"S1:95|S2:96|S3:97|RAIN:100",100,3240
LOG_1774278418805,2026-03-23T15:06:58.805Z,NODE_4_17,"S1:95|S2:96|S3:97|RAIN:100",100,3233
LOG_1774278418808,2026-03-23T15:06:58.808Z,NODE_4_18,"S1:95|S2:96|S3:97|RAIN:100",100,3227
LOG_1774278418812,2026-03-23T15:06:58.812Z,NODE_4_19,"S1:95|S2:96|S3:97|RAIN:100",100,3222
LOG_1774278418816,2026-03-23T15:06:58.816Z,NODE_5_0,"S1:95|S2:96|S3:97|RAIN:100",100,3216
LOG_1774278418819,2026-03-23T15:06:58.819Z,NODE_5_1,"S1:95|S2:96|S3:97|RAIN:100",100,3210
LOG_1774278418825,2026-03-23T15:06:58.825Z,NODE_5_2,"S1:95|S2:96|S3:97|RAIN:100",100,3207
LOG_1774278418828,2026-03-23T15:06:58.828Z,NODE_5_3,"S1:95|S2:96|S3:97|RAIN:100",100,3201
LOG_1774278418831,2026-03-23T15:06:58.831Z,NODE_5_4,"S1:95|S2:96|S3:97|RAIN:100",100,3197
LOG_1774278418834,2026-03-23T15:06:58.834Z,NODE_5_5,"S1:95|S2:96|S3:97|RAIN:100",100,3194
LOG_1774278418837,2026-03-23T15:06:58.837Z,NODE_5_6,"S1:95|S2:96|S3:97|RAIN:100",100,3192
LOG_1774278418840,2026-03-23T15:06:58.840Z,NODE_5_7,"S1:95|S2:96|S3:97|RAIN:100",100,3188
LOG_1774278418845,2026-03-23T15:06:58.845Z,NODE_5_8,"S1:95|S2:96|S3:97|RAIN:100",100,3187
LOG_1774278418854,2026-03-23T15:06:58.854Z,NODE_5_9,"S1:95|S2:96|S3:97|RAIN:100",100,3190
LOG_1774278418859,2026-03-23T15:06:58.859Z,NODE_5_10,"S1:85|S2:86|S3:87|RAIN:900",900,3188
LOG_1774278418864,2026-03-23T15:06:58.864Z,NODE_5_11,"S1:85|S2:86|S3:87|RAIN:900",900,3186
LOG_1774278418869,2026-03-23T15:06:58.869Z,NODE_5_12,"S1:85|S2:86|S3:87|RAIN:900",900,3182
LOG_1774278418872,2026-03-23T15:06:58.872Z,NODE_5_13,"S1:95|S2:96|S3:97|RAIN:100",100,3177
LOG_1774278418875,2026-03-23T15:06:58.875Z,NODE_5_14,"S1:95|S2:96|S3:97|RAIN:100",100,3172
LOG_1774278418880,2026-03-23T15:06:58.880Z,NODE_5_15,"S1:95|S2:96|S3:97|RAIN:100",100,3171
LOG_1774278418883,2026-03-23T15:06:58.883Z,NODE_5_16,"S1:95|S2:96|S3:97|RAIN:100",100,3169
LOG_1774278418890,2026-03-23T15:06:58.890Z,NODE_5_17,"S1:95|S2:96|S3:97|RAIN:100",100,3169
LOG_1774278418895,2026-03-23T15:06:58.895Z,NODE_5_18,"S1:95|S2:96|S3:97|RAIN:100",100,3168
LOG_1774278418902,2026-03-23T15:06:58.902Z,NODE_5_19,"S1:95|S2:96|S3:97|RAIN:100",100,3168
LOG_1774278418908,2026-03-23T15:06:58.908Z,NODE_6_0,"S1:95|S2:96|S3:97|RAIN:100",100,3168
LOG_1774278418912,2026-03-23T15:06:58.912Z,NODE_6_1,"S1:95|S2:96|S3:97|RAIN:100",100,3167
LOG_1774278418916,2026-03-23T15:06:58.916Z,NODE_6_2,"S1:95|S2:96|S3:97|RAIN:100",100,3162
LOG_1774278418920,2026-03-23T15:06:58.920Z,NODE_6_3,"S1:95|S2:96|S3:97|RAIN:100",100,3159
LOG_1774278418923,2026-03-23T15:06:58.923Z,NODE_6_4,"S1:95|S2:96|S3:97|RAIN:100",100,3154
LOG_1774278418927,2026-03-23T15:06:58.927Z,NODE_6_5,"S1:95|S2:96|S3:97|RAIN:100",100,3152
LOG_1774278418931,2026-03-23T15:06:58.931Z,NODE_6_6,"S1:95|S2:96|S3:97|RAIN:100",100,3149
LOG_1774278418935,2026-03-23T15:06:58.935Z,NODE_6_7,"S1:95|S2:96|S3:97|RAIN:100",100,3147
LOG_1774278418938,2026-03-23T15:06:58.938Z,NODE_6_8,"S1:95|S2:96|S3:97|RAIN:100",100,3145
LOG_1774278418943,2026-03-23T15:06:58.943Z,NODE_6_9,"S1:85|S2:86|S3:87|RAIN:900",900,3144
LOG_1774278418947,2026-03-23T15:06:58.947Z,NODE_6_10,"S1:85|S2:86|S3:87|RAIN:900",900,3144
LOG_1774278418952,2026-03-23T15:06:58.952Z,NODE_6_11,"S1:85|S2:86|S3:87|RAIN:900",900,3144
LOG_1774278418956,2026-03-23T15:06:58.956Z,NODE_6_12,"S1:95|S2:96|S3:97|RAIN:100",100,3143
LOG_1774278418961,2026-03-23T15:06:58.961Z,NODE_6_13,"S1:95|S2:96|S3:97|RAIN:100",100,3140
LOG_1774278418966,2026-03-23T15:06:58.966Z,NODE_6_14,"S1:95|S2:96|S3:97|RAIN:100",100,3136
LOG_1774278418972,2026-03-23T15:06:58.972Z,NODE_6_15,"S1:95|S2:96|S3:97|RAIN:100",100,3133
LOG_1774278418979,2026-03-23T15:06:58.979Z,NODE_6_16,"S1:95|S2:96|S3:97|RAIN:100",100,3135
LOG_1774278418983,2026-03-23T15:06:58.983Z,NODE_6_17,"S1:95|S2:96|S3:97|RAIN:100",100,3131
LOG_1774278418986,2026-03-23T15:06:58.986Z,NODE_6_18,"S1:95|S2:96|S3:97|RAIN:100",100,3129
LOG_1774278418989,2026-03-23T15:06:58.989Z,NODE_6_19,"S1:95|S2:96|S3:97|RAIN:100",100,3124
LOG_1774278418992,2026-03-23T15:06:58.992Z,NODE_7_0,"S1:95|S2:96|S3:97|RAIN:100",100,3121
LOG_1774278418995,2026-03-23T15:06:58.995Z,NODE_7_1,"S1:95|S2:96|S3:97|RAIN:100",100,3116
LOG_1774278418997,2026-03-23T15:06:58.997Z,NODE_7_2,"S1:95|S2:96|S3:97|RAIN:100",100,3110
LOG_1774278419001,2026-03-23T15:06:59.001Z,NODE_7_3,"S1:95|S2:96|S3:97|RAIN:100",100,3107
LOG_1774278419004,2026-03-23T15:06:59.004Z,NODE_7_4,"S1:95|S2:96|S3:97|RAIN:100",100,3102
LOG_1774278419007,2026-03-23T15:06:59.007Z,NODE_7_5,"S1:95|S2:96|S3:97|RAIN:100",100,3100
LOG_1774278419011,2026-03-23T15:06:59.011Z,NODE_7_6,"S1:95|S2:96|S3:97|RAIN:100",100,3100
LOG_1774278419014,2026-03-23T15:06:59.014Z,NODE_7_7,"S1:95|S2:96|S3:97|RAIN:100",100,3097
LOG_1774278419017,2026-03-23T15:06:59.017Z,NODE_7_8,"S1:85|S2:86|S3:87|RAIN:900",900,3094
LOG_1774278419019,2026-03-23T15:06:59.019Z,NODE_7_9,"S1:85|S2:86|S3:87|RAIN:900",900,3090
LOG_1774278419022,2026-03-23T15:06:59.022Z,NODE_7_10,"S1:85|S2:86|S3:87|RAIN:900",900,3086
LOG_1774278419025,2026-03-23T15:06:59.025Z,NODE_7_11,"S1:95|S2:96|S3:97|RAIN:100",100,3084
LOG_1774278419027,2026-03-23T15:06:59.027Z,NODE_7_12,"S1:95|S2:96|S3:97|RAIN:100",100,3079
LOG_1774278419030,2026-03-23T15:06:59.030Z,NODE_7_13,"S1:95|S2:96|S3:97|RAIN:100",100,3076
LOG_1774278419032,2026-03-23T15:06:59.032Z,NODE_7_14,"S1:95|S2:96|S3:97|RAIN:100",100,3072
LOG_1774278419035,2026-03-23T15:06:59.035Z,NODE_7_15,"S1:95|S2:96|S3:97|RAIN:100",100,3067
LOG_1774278419037,2026-03-23T15:06:59.037Z,NODE_7_16,"S1:95|S2:96|S3:97|RAIN:100",100,3063
LOG_1774278419040,2026-03-23T15:06:59.040Z,NODE_7_17,"S1:95|S2:96|S3:97|RAIN:100",100,3061
LOG_1774278419042,2026-03-23T15:06:59.042Z,NODE_7_18,"S1:95|S2:96|S3:97|RAIN:100",100,3056
LOG_1774278419044,2026-03-23T15:06:59.044Z,NODE_7_19,"S1:95|S2:96|S3:97|RAIN:100",100,3051
LOG_1774278419047,2026-03-23T15:06:59.047Z,NODE_8_0,"S1:95|S2:96|S3:97|RAIN:100",100,3047
LOG_1774278419050,2026-03-23T15:06:59.050Z,NODE_8_1,"S1:95|S2:96|S3:97|RAIN:100",100,3041
LOG_1774278419053,2026-03-23T15:06:59.053Z,NODE_8_2,"S1:95|S2:96|S3:97|RAIN:100",100,3036
LOG_1774278419056,2026-03-23T15:06:59.056Z,NODE_8_3,"S1:95|S2:96|S3:97|RAIN:100",100,3031
LOG_1774278419058,2026-03-23T15:06:59.058Z,NODE_8_4,"S1:95|S2:96|S3:97|RAIN:100",100,3025
LOG_1774278419061,2026-03-23T15:06:59.061Z,NODE_8_5,"S1:95|S2:96|S3:97|RAIN:100",100,3019
LOG_1774278419064,2026-03-23T15:06:59.064Z,NODE_8_6,"S1:95|S2:96|S3:97|RAIN:100",100,3014
LOG_1774278419067,2026-03-23T15:06:59.067Z,NODE_8_7,"S1:95|S2:96|S3:97|RAIN:100",100,3008
LOG_1774278419070,2026-03-23T15:06:59.070Z,NODE_8_8,"S1:85|S2:86|S3:87|RAIN:900",900,3002
LOG_1774278423204,2026-03-23T15:07:03.204Z,NODE_8_9,"S1:83|S2:84|S3:85|RAIN:900",900,7127
LOG_1774278423209,2026-03-23T15:07:03.209Z,NODE_8_10,"S1:95|S2:96|S3:97|RAIN:100",100,7123
LOG_1774278423213,2026-03-23T15:07:03.213Z,NODE_8_11,"S1:95|S2:96|S3:97|RAIN:100",100,7121
LOG_1774278423218,2026-03-23T15:07:03.218Z,NODE_8_12,"S1:95|S2:96|S3:97|RAIN:100",100,7120
LOG_1774278423221,2026-03-23T15:07:03.221Z,NODE_8_13,"S1:95|S2:96|S3:97|RAIN:100",100,7117
LOG_1774278423226,2026-03-23T15:07:03.226Z,NODE_8_14,"S1:95|S2:96|S3:97|RAIN:100",100,7117
LOG_1774278423231,2026-03-23T15:07:03.231Z,NODE_8_15,"S1:95|S2:96|S3:97|RAIN:100",100,7117
LOG_1774278423237,2026-03-23T15:07:03.237Z,NODE_8_16,"S1:95|S2:96|S3:97|RAIN:100",100,7118
LOG_1774278423243,2026-03-23T15:07:03.243Z,NODE_8_17,"S1:95|S2:96|S3:97|RAIN:100",100,7119
LOG_1774278423250,2026-03-23T15:07:03.250Z,NODE_8_18,"S1:95|S2:96|S3:97|RAIN:100",100,7122
LOG_1774278423258,2026-03-23T15:07:03.258Z,NODE_8_19,"S1:95|S2:96|S3:97|RAIN:100",100,7125
LOG_1774278423266,2026-03-23T15:07:03.266Z,NODE_9_0,"S1:95|S2:96|S3:97|RAIN:100",100,7128
LOG_1774278423271,2026-03-23T15:07:03.271Z,NODE_9_1,"S1:95|S2:96|S3:97|RAIN:100",100,7129
LOG_1774278423278,2026-03-23T15:07:03.278Z,NODE_9_2,"S1:95|S2:96|S3:97|RAIN:100",100,7129
LOG_1774278423283,2026-03-23T15:07:03.283Z,NODE_9_3,"S1:95|S2:96|S3:97|RAIN:100",100,7130
LOG_1774278423289,2026-03-23T15:07:03.289Z,NODE_9_4,"S1:95|S2:96|S3:97|RAIN:100",100,7131
LOG_1774278423295,2026-03-23T15:07:03.295Z,NODE_9_5,"S1:95|S2:96|S3:97|RAIN:100",100,7134
LOG_1774278423300,2026-03-23T15:07:03.300Z,NODE_9_6,"S1:95|S2:96|S3:97|RAIN:100",100,7134
LOG_1774278423307,2026-03-23T15:07:03.307Z,NODE_9_7,"S1:83|S2:84|S3:85|RAIN:900",900,7136
LOG_1774278423312,2026-03-23T15:07:03.312Z,NODE_9_8,"S1:83|S2:84|S3:85|RAIN:900",900,7136
LOG_1774278423316,2026-03-23T15:07:03.316Z,NODE_9_9,"S1:83|S2:84|S3:85|RAIN:900",900,7132
LOG_1774278423321,2026-03-23T15:07:03.321Z,NODE_9_10,"S1:95|S2:96|S3:97|RAIN:100",100,7132
LOG_1774278423325,2026-03-23T15:07:03.325Z,NODE_9_11,"S1:95|S2:96|S3:97|RAIN:100",100,7131
LOG_1774278423330,2026-03-23T15:07:03.330Z,NODE_9_12,"S1:95|S2:96|S3:97|RAIN:100",100,7129
LOG_1774278423334,2026-03-23T15:07:03.334Z,NODE_9_13,"S1:95|S2:96|S3:97|RAIN:100",100,7128
LOG_1774278423340,2026-03-23T15:07:03.340Z,NODE_9_14,"S1:95|S2:96|S3:97|RAIN:100",100,7128
LOG_1774278423345,2026-03-23T15:07:03.345Z,NODE_9_15,"S1:95|S2:96|S3:97|RAIN:100",100,7127
LOG_1774278423350,2026-03-23T15:07:03.350Z,NODE_9_16,"S1:95|S2:96|S3:97|RAIN:100",100,7125
LOG_1774278423356,2026-03-23T15:07:03.356Z,NODE_9_17,"S1:95|S2:96|S3:97|RAIN:100",100,7126
LOG_1774278423363,2026-03-23T15:07:03.363Z,NODE_9_18,"S1:95|S2:96|S3:97|RAIN:100",100,7127
LOG_1774278423371,2026-03-23T15:07:03.371Z,NODE_9_19,"S1:95|S2:96|S3:97|RAIN:100",100,7130
LOG_1774278423377,2026-03-23T15:07:03.377Z,NODE_10_0,"S1:95|S2:96|S3:97|RAIN:100",100,7129
LOG_1774278423385,2026-03-23T15:07:03.385Z,NODE_10_1,"S1:95|S2:96|S3:97|RAIN:100",100,7129
LOG_1774278423407,2026-03-23T15:07:03.407Z,NODE_10_2,"S1:95|S2:96|S3:97|RAIN:100",100,7145
LOG_1774278423417,2026-03-23T15:07:03.417Z,NODE_10_3,"S1:95|S2:96|S3:97|RAIN:100",100,7148
LOG_1774278423427,2026-03-23T15:07:03.427Z,NODE_10_4,"S1:95|S2:96|S3:97|RAIN:100",100,7152
LOG_1774278423437,2026-03-23T15:07:03.437Z,NODE_10_5,"S1:95|S2:96|S3:97|RAIN:100",100,7156
LOG_1774278423443,2026-03-23T15:07:03.443Z,NODE_10_6,"S1:95|S2:96|S3:97|RAIN:100",100,7155
LOG_1774278423450,2026-03-23T15:07:03.450Z,NODE_10_7,"S1:83|S2:84|S3:85|RAIN:900",900,7154
LOG_1774278423458,2026-03-23T15:07:03.458Z,NODE_10_8,"S1:83|S2:84|S3:85|RAIN:900",900,7149
LOG_1774278423465,2026-03-23T15:07:03.465Z,NODE_10_9,"S1:83|S2:84|S3:85|RAIN:900",900,7151
LOG_1774278423472,2026-03-23T15:07:03.472Z,NODE_10_10,"S1:95|S2:96|S3:97|RAIN:100",100,7153
LOG_1774278423479,2026-03-23T15:07:03.479Z,NODE_10_11,"S1:95|S2:96|S3:97|RAIN:100",100,7154
LOG_1774278423486,2026-03-23T15:07:03.486Z,NODE_10_12,"S1:95|S2:96|S3:97|RAIN:100",100,7152
LOG_1774278423493,2026-03-23T15:07:03.493Z,NODE_10_13,"S1:95|S2:96|S3:97|RAIN:100",100,7151
LOG_1774278423500,2026-03-23T15:07:03.500Z,NODE_10_14,"S1:95|S2:96|S3:97|RAIN:100",100,7150
LOG_1774278423507,2026-03-23T15:07:03.507Z,NODE_10_15,"S1:95|S2:96|S3:97|RAIN:100",100,7150
LOG_1774278423517,2026-03-23T15:07:03.517Z,NODE_10_16,"S1:95|S2:96|S3:97|RAIN:100",100,7154
LOG_1774278423527,2026-03-23T15:07:03.527Z,NODE_10_17,"S1:95|S2:96|S3:97|RAIN:100",100,7156
LOG_1774278423537,2026-03-23T15:07:03.537Z,NODE_10_18,"S1:95|S2:96|S3:97|RAIN:100",100,7155
LOG_1774278423544,2026-03-23T15:07:03.544Z,NODE_10_19,"S1:95|S2:96|S3:97|RAIN:100",100,7153
LOG_1774278423552,2026-03-23T15:07:03.552Z,NODE_11_0,"S1:95|S2:96|S3:97|RAIN:100",100,7153
LOG_1774278423558,2026-03-23T15:07:03.558Z,NODE_11_1,"S1:95|S2:96|S3:97|RAIN:100",100,7154
LOG_1774278423567,2026-03-23T15:07:03.567Z,NODE_11_2,"S1:95|S2:96|S3:97|RAIN:100",100,7157
LOG_1774278423575,2026-03-23T15:07:03.575Z,NODE_11_3,"S1:95|S2:96|S3:97|RAIN:100",100,7159
LOG_1774278423584,2026-03-23T15:07:03.584Z,NODE_11_4,"S1:95|S2:96|S3:97|RAIN:100",100,7163
LOG_1774278423590,2026-03-23T15:07:03.590Z,NODE_11_5,"S1:95|S2:96|S3:97|RAIN:100",100,7164
LOG_1774278423598,2026-03-23T15:07:03.598Z,NODE_11_6,"S1:95|S2:96|S3:97|RAIN:100",100,7167
LOG_1774278423606,2026-03-23T15:07:03.606Z,NODE_11_7,"S1:95|S2:96|S3:97|RAIN:100",100,7169
LOG_1774278423615,2026-03-23T15:07:03.615Z,NODE_11_8,"S1:83|S2:84|S3:85|RAIN:900",900,7173
LOG_1774278423626,2026-03-23T15:07:03.626Z,NODE_11_9,"S1:83|S2:84|S3:85|RAIN:900",900,7177
LOG_1774278423633,2026-03-23T15:07:03.633Z,NODE_11_10,"S1:95|S2:96|S3:97|RAIN:100",100,7177
LOG_1774278423639,2026-03-23T15:07:03.639Z,NODE_11_11,"S1:95|S2:96|S3:97|RAIN:100",100,7175
LOG_1774278423645,2026-03-23T15:07:03.645Z,NODE_11_12,"S1:95|S2:96|S3:97|RAIN:100",100,7174
LOG_1774278423653,2026-03-23T15:07:03.653Z,NODE_11_13,"S1:95|S2:96|S3:97|RAIN:100",100,7175
LOG_1774278423660,2026-03-23T15:07:03.660Z,NODE_11_14,"S1:95|S2:96|S3:97|RAIN:100",100,7175
LOG_1774278423666,2026-03-23T15:07:03.666Z,NODE_11_15,"S1:95|S2:96|S3:97|RAIN:100",100,7175
LOG_1774278423674,2026-03-23T15:07:03.674Z,NODE_11_16,"S1:95|S2:96|S3:97|RAIN:100",100,7178
LOG_1774278423680,2026-03-23T15:07:03.680Z,NODE_11_17,"S1:95|S2:96|S3:97|RAIN:100",100,7179
LOG_1774278423686,2026-03-23T15:07:03.686Z,NODE_11_18,"S1:95|S2:96|S3:97|RAIN:100",100,7180
LOG_1774278423693,2026-03-23T15:07:03.693Z,NODE_11_19,"S1:95|S2:96|S3:97|RAIN:100",100,7181
LOG_1774278423702,2026-03-23T15:07:03.702Z,NODE_12_0,"S1:95|S2:96|S3:97|RAIN:100",100,7184
LOG_1774278423710,2026-03-23T15:07:03.710Z,NODE_12_1,"S1:95|S2:96|S3:97|RAIN:100",100,7187
LOG_1774278423717,2026-03-23T15:07:03.717Z,NODE_12_2,"S1:95|S2:96|S3:97|RAIN:100",100,7188
LOG_1774278423724,2026-03-23T15:07:03.724Z,NODE_12_3,"S1:95|S2:96|S3:97|RAIN:100",100,7190
LOG_1774278423731,2026-03-23T15:07:03.731Z,NODE_12_4,"S1:95|S2:96|S3:97|RAIN:100",100,7193
LOG_1774278423735,2026-03-23T15:07:03.735Z,NODE_12_5,"S1:95|S2:96|S3:97|RAIN:100",100,7191
LOG_1774278423739,2026-03-23T15:07:03.739Z,NODE_12_6,"S1:95|S2:96|S3:97|RAIN:100",100,7191
LOG_1774278423747,2026-03-23T15:07:03.747Z,NODE_12_7,"S1:95|S2:96|S3:97|RAIN:100",100,7193
LOG_1774278423754,2026-03-23T15:07:03.754Z,NODE_12_8,"S1:95|S2:96|S3:97|RAIN:100",100,7194
LOG_1774278423759,2026-03-23T15:07:03.759Z,NODE_12_9,"S1:83|S2:84|S3:85|RAIN:900",900,7194
LOG_1774278423764,2026-03-23T15:07:03.764Z,NODE_12_10,"S1:83|S2:84|S3:85|RAIN:900",900,7193
LOG_1774278423769,2026-03-23T15:07:03.769Z,NODE_12_11,"S1:95|S2:96|S3:97|RAIN:100",100,7192
LOG_1774278423774,2026-03-23T15:07:03.774Z,NODE_12_12,"S1:95|S2:96|S3:97|RAIN:100",100,7191
LOG_1774278423780,2026-03-23T15:07:03.780Z,NODE_12_13,"S1:95|S2:96|S3:97|RAIN:100",100,7191
LOG_1774278423784,2026-03-23T15:07:03.784Z,NODE_12_14,"S1:95|S2:96|S3:97|RAIN:100",100,7189
LOG_1774278423789,2026-03-23T15:07:03.789Z,NODE_12_15,"S1:95|S2:96|S3:97|RAIN:100",100,7186
LOG_1774278423793,2026-03-23T15:07:03.793Z,NODE_12_16,"S1:95|S2:96|S3:97|RAIN:100",100,7184
LOG_1774278423798,2026-03-23T15:07:03.798Z,NODE_12_17,"S1:95|S2:96|S3:97|RAIN:100",100,7183
LOG_1774278423803,2026-03-23T15:07:03.803Z,NODE_12_18,"S1:95|S2:96|S3:97|RAIN:100",100,7181
LOG_1774278423808,2026-03-23T15:07:03.808Z,NODE_12_19,"S1:95|S2:96|S3:97|RAIN:100",100,7180
LOG_1774278423813,2026-03-23T15:07:03.813Z,NODE_13_0,"S1:95|S2:96|S3:97|RAIN:100",100,7180
LOG_1774278423816,2026-03-23T15:07:03.816Z,NODE_13_1,"S1:95|S2:96|S3:97|RAIN:100",100,7177
LOG_1774278423820,2026-03-23T15:07:03.820Z,NODE_13_2,"S1:95|S2:96|S3:97|RAIN:100",100,7175
LOG_1774278423824,2026-03-23T15:07:03.824Z,NODE_13_3,"S1:95|S2:96|S3:97|RAIN:100",100,7172
LOG_1774278423830,2026-03-23T15:07:03.830Z,NODE_13_4,"S1:95|S2:96|S3:97|RAIN:100",100,7172
LOG_1774278423835,2026-03-23T15:07:03.835Z,NODE_13_5,"S1:95|S2:96|S3:97|RAIN:100",100,7169
LOG_1774278423839,2026-03-23T15:07:03.839Z,NODE_13_6,"S1:95|S2:96|S3:97|RAIN:100",100,7168
LOG_1774278423845,2026-03-23T15:07:03.845Z,NODE_13_7,"S1:95|S2:96|S3:97|RAIN:100",100,7168
LOG_1774278423852,2026-03-23T15:07:03.852Z,NODE_13_8,"S1:95|S2:96|S3:97|RAIN:100",100,7168
LOG_1774278423859,2026-03-23T15:07:03.859Z,NODE_13_9,"S1:95|S2:96|S3:97|RAIN:100",100,7169
LOG_1774278423865,2026-03-23T15:07:03.865Z,NODE_13_10,"S1:83|S2:84|S3:85|RAIN:900",900,7169
LOG_1774278423870,2026-03-23T15:07:03.870Z,NODE_13_11,"S1:83|S2:84|S3:85|RAIN:900",900,7168
LOG_1774278423875,2026-03-23T15:07:03.875Z,NODE_13_12,"S1:95|S2:96|S3:97|RAIN:100",100,7167
LOG_1774278423882,2026-03-23T15:07:03.882Z,NODE_13_13,"S1:95|S2:96|S3:97|RAIN:100",100,7166
LOG_1774278423888,2026-03-23T15:07:03.888Z,NODE_13_14,"S1:95|S2:96|S3:97|RAIN:100",100,7164
LOG_1774278423895,2026-03-23T15:07:03.895Z,NODE_13_15,"S1:95|S2:96|S3:97|RAIN:100",100,7164
LOG_1774278423900,2026-03-23T15:07:03.900Z,NODE_13_16,"S1:95|S2:96|S3:97|RAIN:100",100,7162
LOG_1774278423905,2026-03-23T15:07:03.905Z,NODE_13_17,"S1:95|S2:96|S3:97|RAIN:100",100,7161
LOG_1774278423910,2026-03-23T15:07:03.910Z,NODE_13_18,"S1:95|S2:96|S3:97|RAIN:100",100,7159
LOG_1774278423914,2026-03-23T15:07:03.914Z,NODE_13_19,"S1:95|S2:96|S3:97|RAIN:100",100,7158
LOG_1774278423919,2026-03-23T15:07:03.919Z,NODE_14_0,"S1:95|S2:96|S3:97|RAIN:100",100,7159
LOG_1774278423924,2026-03-23T15:07:03.924Z,NODE_14_1,"S1:95|S2:96|S3:97|RAIN:100",100,7158
LOG_1774278423929,2026-03-23T15:07:03.929Z,NODE_14_2,"S1:95|S2:96|S3:97|RAIN:100",100,7157
LOG_1774278423934,2026-03-23T15:07:03.934Z,NODE_14_3,"S1:95|S2:96|S3:97|RAIN:100",100,7157
LOG_1774278423939,2026-03-23T15:07:03.939Z,NODE_14_4,"S1:95|S2:96|S3:97|RAIN:100",100,7156
LOG_1774278423943,2026-03-23T15:07:03.943Z,NODE_14_5,"S1:95|S2:96|S3:97|RAIN:100",100,7154
LOG_1774278423947,2026-03-23T15:07:03.947Z,NODE_14_6,"S1:95|S2:96|S3:97|RAIN:100",100,7151
LOG_1774278423951,2026-03-23T15:07:03.951Z,NODE_14_7,"S1:95|S2:96|S3:97|RAIN:100",100,7149
LOG_1774278423955,2026-03-23T15:07:03.955Z,NODE_14_8,"S1:95|S2:96|S3:97|RAIN:100",100,7147
LOG_1774278423959,2026-03-23T15:07:03.959Z,NODE_14_9,"S1:95|S2:96|S3:97|RAIN:100",100,7145
LOG_1774278423964,2026-03-23T15:07:03.964Z,NODE_14_10,"S1:83|S2:84|S3:85|RAIN:900",900,7144
LOG_1774278423969,2026-03-23T15:07:03.969Z,NODE_14_11,"S1:83|S2:84|S3:85|RAIN:900",900,7144
LOG_1774278423974,2026-03-23T15:07:03.974Z,NODE_14_12,"S1:83|S2:84|S3:85|RAIN:900",900,7143
LOG_1774278423978,2026-03-23T15:07:03.978Z,NODE_14_13,"S1:95|S2:96|S3:97|RAIN:100",100,7137
LOG_1774278423990,2026-03-23T15:07:03.990Z,NODE_14_14,"S1:95|S2:96|S3:97|RAIN:100",100,7138
LOG_1774278423999,2026-03-23T15:07:03.999Z,NODE_14_15,"S1:95|S2:96|S3:97|RAIN:100",100,7140
LOG_1774278424006,2026-03-23T15:07:04.006Z,NODE_14_16,"S1:95|S2:96|S3:97|RAIN:100",100,7141
LOG_1774278424012,2026-03-23T15:07:04.012Z,NODE_14_17,"S1:95|S2:96|S3:97|RAIN:100",100,7140
LOG_1774278424017,2026-03-23T15:07:04.017Z,NODE_14_18,"S1:95|S2:96|S3:97|RAIN:100",100,7139
LOG_1774278424021,2026-03-23T15:07:04.021Z,NODE_14_19,"S1:95|S2:96|S3:97|RAIN:100",100,7133
LOG_1774278424026,2026-03-23T15:07:04.026Z,NODE_15_0,"S1:95|S2:96|S3:97|RAIN:100",100,7130
LOG_1774278424032,2026-03-23T15:07:04.032Z,NODE_15_1,"S1:95|S2:96|S3:97|RAIN:100",100,7130
LOG_1774278424038,2026-03-23T15:07:04.038Z,NODE_15_2,"S1:95|S2:96|S3:97|RAIN:100",100,7129
LOG_1774278424045,2026-03-23T15:07:04.045Z,NODE_15_3,"S1:95|S2:96|S3:97|RAIN:100",100,7130
LOG_1774278424050,2026-03-23T15:07:04.050Z,NODE_15_4,"S1:95|S2:96|S3:97|RAIN:100",100,7129
LOG_1774278424055,2026-03-23T15:07:04.055Z,NODE_15_5,"S1:95|S2:96|S3:97|RAIN:100",100,7126
LOG_1774278424063,2026-03-23T15:07:04.063Z,NODE_15_6,"S1:95|S2:96|S3:97|RAIN:100",100,7126
LOG_1774278424068,2026-03-23T15:07:04.068Z,NODE_15_7,"S1:95|S2:96|S3:97|RAIN:100",100,7122
LOG_1774278424071,2026-03-23T15:07:04.071Z,NODE_15_8,"S1:95|S2:96|S3:97|RAIN:100",100,7118
LOG_1774278424076,2026-03-23T15:07:04.076Z,NODE_15_9,"S1:95|S2:96|S3:97|RAIN:100",100,7116
LOG_1774278424080,2026-03-23T15:07:04.080Z,NODE_15_10,"S1:95|S2:96|S3:97|RAIN:100",100,7114
LOG_1774278424083,2026-03-23T15:07:04.083Z,NODE_15_11,"S1:83|S2:84|S3:85|RAIN:900",900,7112
LOG_1774278424087,2026-03-23T15:07:04.087Z,NODE_15_12,"S1:83|S2:84|S3:85|RAIN:900",900,7106
LOG_1774278424091,2026-03-23T15:07:04.091Z,NODE_15_13,"S1:83|S2:84|S3:85|RAIN:900",900,7099
LOG_1774278424095,2026-03-23T15:07:04.095Z,NODE_15_14,"S1:95|S2:96|S3:97|RAIN:100",100,7095
LOG_1774278424099,2026-03-23T15:07:04.099Z,NODE_15_15,"S1:95|S2:96|S3:97|RAIN:100",100,7092
LOG_1774278424103,2026-03-23T15:07:04.103Z,NODE_15_16,"S1:95|S2:96|S3:97|RAIN:100",100,7090
LOG_1774278424107,2026-03-23T15:07:04.107Z,NODE_15_17,"S1:95|S2:96|S3:97|RAIN:100",100,7088
LOG_1774278424110,2026-03-23T15:07:04.110Z,NODE_15_18,"S1:95|S2:96|S3:97|RAIN:100",100,7086
LOG_1774278424115,2026-03-23T15:07:04.115Z,NODE_15_19,"S1:95|S2:96|S3:97|RAIN:100",100,7087
LOG_1774278424118,2026-03-23T15:07:04.118Z,NODE_16_0,"S1:95|S2:96|S3:97|RAIN:100",100,7086
LOG_1774278424123,2026-03-23T15:07:04.123Z,NODE_16_1,"S1:95|S2:96|S3:97|RAIN:100",100,7086
LOG_1774278424128,2026-03-23T15:07:04.128Z,NODE_16_2,"S1:95|S2:96|S3:97|RAIN:100",100,7086
LOG_1774278424135,2026-03-23T15:07:04.135Z,NODE_16_3,"S1:95|S2:96|S3:97|RAIN:100",100,7088
LOG_1774278424140,2026-03-23T15:07:04.140Z,NODE_16_4,"S1:95|S2:96|S3:97|RAIN:100",100,7089
LOG_1774278424144,2026-03-23T15:07:04.144Z,NODE_16_5,"S1:95|S2:96|S3:97|RAIN:100",100,7089
LOG_1774278424148,2026-03-23T15:07:04.148Z,NODE_16_6,"S1:95|S2:96|S3:97|RAIN:100",100,7089
LOG_1774278424156,2026-03-23T15:07:04.156Z,NODE_16_7,"S1:95|S2:96|S3:97|RAIN:100",100,7092
LOG_1774278424168,2026-03-23T15:07:04.168Z,NODE_16_8,"S1:95|S2:96|S3:97|RAIN:100",100,7101
LOG_1774278424173,2026-03-23T15:07:04.173Z,NODE_16_9,"S1:95|S2:96|S3:97|RAIN:100",100,7102
LOG_1774278424179,2026-03-23T15:07:04.179Z,NODE_16_10,"S1:95|S2:96|S3:97|RAIN:100",100,7103
LOG_1774278424185,2026-03-23T15:07:04.185Z,NODE_16_11,"S1:83|S2:84|S3:85|RAIN:900",900,7103
LOG_1774278424190,2026-03-23T15:07:04.190Z,NODE_16_12,"S1:83|S2:84|S3:85|RAIN:900",900,7103
LOG_1774278424196,2026-03-23T15:07:04.196Z,NODE_16_13,"S1:83|S2:84|S3:85|RAIN:900",900,7104
LOG_1774278424201,2026-03-23T15:07:04.201Z,NODE_16_14,"S1:95|S2:96|S3:97|RAIN:100",100,7103
LOG_1774278424206,2026-03-23T15:07:04.207Z,NODE_16_15,"S1:95|S2:96|S3:97|RAIN:100",100,7105
LOG_1774278424212,2026-03-23T15:07:04.212Z,NODE_16_16,"S1:95|S2:96|S3:97|RAIN:100",100,7106
LOG_1774278424219,2026-03-23T15:07:04.219Z,NODE_16_17,"S1:95|S2:96|S3:97|RAIN:100",100,7108
LOG_1774278424225,2026-03-23T15:07:04.225Z,NODE_16_18,"S1:95|S2:96|S3:97|RAIN:100",100,7109
LOG_1774278424233,2026-03-23T15:07:04.233Z,NODE_16_19,"S1:95|S2:96|S3:97|RAIN:100",100,7112
LOG_1774278424241,2026-03-23T15:07:04.241Z,NODE_17_0,"S1:95|S2:96|S3:97|RAIN:100",100,7116
LOG_1774278424247,2026-03-23T15:07:04.247Z,NODE_17_1,"S1:95|S2:96|S3:97|RAIN:100",100,7118
LOG_1774278424251,2026-03-23T15:07:04.251Z,NODE_17_2,"S1:95|S2:96|S3:97|RAIN:100",100,7116
LOG_1774278424255,2026-03-23T15:07:04.255Z,NODE_17_3,"S1:95|S2:96|S3:97|RAIN:100",100,7114
LOG_1774278424259,2026-03-23T15:07:04.259Z,NODE_17_4,"S1:95|S2:96|S3:97|RAIN:100",100,7113
LOG_1774278424265,2026-03-23T15:07:04.265Z,NODE_17_5,"S1:95|S2:96|S3:97|RAIN:100",100,7113
LOG_1774278424271,2026-03-23T15:07:04.271Z,NODE_17_6,"S1:95|S2:96|S3:97|RAIN:100",100,7113
LOG_1774278424277,2026-03-23T15:07:04.277Z,NODE_17_7,"S1:95|S2:96|S3:97|RAIN:100",100,7114
LOG_1774278424285,2026-03-23T15:07:04.285Z,NODE_17_8,"S1:95|S2:96|S3:97|RAIN:100",100,7118
LOG_1774278424291,2026-03-23T15:07:04.291Z,NODE_17_9,"S1:95|S2:96|S3:97|RAIN:100",100,7120
LOG_1774278424297,2026-03-23T15:07:04.297Z,NODE_17_10,"S1:95|S2:96|S3:97|RAIN:100",100,7120
LOG_1774278424302,2026-03-23T15:07:04.302Z,NODE_17_11,"S1:83|S2:84|S3:85|RAIN:900",900,7121
LOG_1774278424307,2026-03-23T15:07:04.307Z,NODE_17_12,"S1:83|S2:84|S3:85|RAIN:900",900,7120
LOG_1774278424312,2026-03-23T15:07:04.312Z,NODE_17_13,"S1:95|S2:96|S3:97|RAIN:100",100,7120
LOG_1774278424317,2026-03-23T15:07:04.317Z,NODE_17_14,"S1:95|S2:96|S3:97|RAIN:100",100,7122
LOG_1774278424322,2026-03-23T15:07:04.322Z,NODE_17_15,"S1:95|S2:96|S3:97|RAIN:100",100,7122
LOG_1774278424329,2026-03-23T15:07:04.329Z,NODE_17_16,"S1:95|S2:96|S3:97|RAIN:100",100,7123
LOG_1774278424335,2026-03-23T15:07:04.335Z,NODE_17_17,"S1:95|S2:96|S3:97|RAIN:100",100,7125
LOG_1774278424339,2026-03-23T15:07:04.339Z,NODE_17_18,"S1:95|S2:96|S3:97|RAIN:100",100,7125
LOG_1774278424344,2026-03-23T15:07:04.344Z,NODE_17_19,"S1:95|S2:96|S3:97|RAIN:100",100,7126
LOG_1774278424349,2026-03-23T15:07:04.349Z,NODE_18_0,"S1:95|S2:96|S3:97|RAIN:100",100,7128
LOG_1774278424353,2026-03-23T15:07:04.353Z,NODE_18_1,"S1:95|S2:96|S3:97|RAIN:100",100,7129
LOG_1774278424357,2026-03-23T15:07:04.357Z,NODE_18_2,"S1:95|S2:96|S3:97|RAIN:100",100,7128
LOG_1774278424361,2026-03-23T15:07:04.361Z,NODE_18_3,"S1:95|S2:96|S3:97|RAIN:100",100,7126
LOG_1774278424365,2026-03-23T15:07:04.365Z,NODE_18_4,"S1:95|S2:96|S3:97|RAIN:100",100,7125
LOG_1774278424370,2026-03-23T15:07:04.370Z,NODE_18_5,"S1:95|S2:96|S3:97|RAIN:100",100,7125
LOG_1774278424374,2026-03-23T15:07:04.374Z,NODE_18_6,"S1:95|S2:96|S3:97|RAIN:100",100,7123
LOG_1774278424380,2026-03-23T15:07:04.380Z,NODE_18_7,"S1:95|S2:96|S3:97|RAIN:100",100,7124
LOG_1774278424384,2026-03-23T15:07:04.384Z,NODE_18_8,"S1:95|S2:96|S3:97|RAIN:100",100,7124
LOG_1774278424389,2026-03-23T15:07:04.389Z,NODE_18_9,"S1:95|S2:96|S3:97|RAIN:100",100,7124
LOG_1774278424392,2026-03-23T15:07:04.392Z,NODE_18_10,"S1:83|S2:84|S3:85|RAIN:900",900,7121
LOG_1774278424397,2026-03-23T15:07:04.397Z,NODE_18_11,"S1:83|S2:84|S3:85|RAIN:900",900,7120
LOG_1774278424401,2026-03-23T15:07:04.401Z,NODE_18_12,"S1:83|S2:84|S3:85|RAIN:900",900,7120
LOG_1774278424406,2026-03-23T15:07:04.406Z,NODE_18_13,"S1:95|S2:96|S3:97|RAIN:100",100,7120
LOG_1774278424410,2026-03-23T15:07:04.410Z,NODE_18_14,"S1:95|S2:96|S3:97|RAIN:100",100,7120
LOG_1774278424414,2026-03-23T15:07:04.414Z,NODE_18_15,"S1:95|S2:96|S3:97|RAIN:100",100,7120
LOG_1774278424418,2026-03-23T15:07:04.418Z,NODE_18_16,"S1:95|S2:96|S3:97|RAIN:100",100,7117
LOG_1774278424423,2026-03-23T15:07:04.423Z,NODE_18_17,"S1:95|S2:96|S3:97|RAIN:100",100,7114
LOG_1774278424427,2026-03-23T15:07:04.427Z,NODE_18_18,"S1:95|S2:96|S3:97|RAIN:100",100,7112
LOG_1774278424433,2026-03-23T15:07:04.433Z,NODE_18_19,"S1:95|S2:96|S3:97|RAIN:100",100,7112
LOG_1774278424438,2026-03-23T15:07:04.438Z,NODE_19_0,"S1:95|S2:96|S3:97|RAIN:100",100,7112
LOG_1774278424442,2026-03-23T15:07:04.442Z,NODE_19_1,"S1:95|S2:96|S3:97|RAIN:100",100,7111
LOG_1774278424447,2026-03-23T15:07:04.447Z,NODE_19_2,"S1:95|S2:96|S3:97|RAIN:100",100,7110
LOG_1774278424451,2026-03-23T15:07:04.451Z,NODE_19_3,"S1:95|S2:96|S3:97|RAIN:100",100,7108
LOG_1774278424456,2026-03-23T15:07:04.456Z,NODE_19_4,"S1:95|S2:96|S3:97|RAIN:100",100,7109
LOG_1774278424460,2026-03-23T15:07:04.460Z,NODE_19_5,"S1:95|S2:96|S3:97|RAIN:100",100,7110
LOG_1774278424465,2026-03-23T15:07:04.465Z,NODE_19_6,"S1:95|S2:96|S3:97|RAIN:100",100,7110
LOG_1774278424469,2026-03-23T15:07:04.469Z,NODE_19_7,"S1:95|S2:96|S3:97|RAIN:100",100,7112
LOG_1774278424472,2026-03-23T15:07:04.472Z,NODE_19_8,"S1:95|S2:96|S3:97|RAIN:100",100,7110
LOG_1774278424476,2026-03-23T15:07:04.476Z,NODE_19_9,"S1:83|S2:84|S3:85|RAIN:900",900,7108
LOG_1774278424481,2026-03-23T15:07:04.481Z,NODE_19_10,"S1:83|S2:84|S3:85|RAIN:900",900,7106
LOG_1774278424485,2026-03-23T15:07:04.485Z,NODE_19_11,"S1:83|S2:84|S3:85|RAIN:900",900,7105
LOG_1774278424488,2026-03-23T15:07:04.488Z,NODE_19_12,"S1:95|S2:96|S3:97|RAIN:100",100,7105
LOG_1774278424493,2026-03-23T15:07:04.493Z,NODE_19_13,"S1:95|S2:96|S3:97|RAIN:100",100,7106
LOG_1774278424497,2026-03-23T15:07:04.497Z,NODE_19_14,"S1:95|S2:96|S3:97|RAIN:100",100,7105
LOG_1774278424501,2026-03-23T15:07:04.501Z,NODE_19_15,"S1:95|S2:96|S3:97|RAIN:100",100,7104
LOG_1774278424505,2026-03-23T15:07:04.505Z,NODE_19_16,"S1:95|S2:96|S3:97|RAIN:100",100,7102
LOG_1774278424509,2026-03-23T15:07:04.509Z,NODE_19_17,"S1:95|S2:96|S3:97|RAIN:100",100,7100
LOG_1774278424515,2026-03-23T15:07:04.515Z,NODE_19_18,"S1:95|S2:96|S3:97|RAIN:100",100,7100
LOG_1774278424518,2026-03-23T15:07:04.518Z,NODE_19_19,"S1:95|S2:96|S3:97|RAIN:100",100,7097
LOG_1774588020606,2026-03-27T05:07:00.606Z,NODE_01,"S1:98.447|S3:69.173",3985,5011
LOG_1774684245407,2026-03-28T07:50:45.407Z,NODE_01,"S2:71.349",4095,12226
LOG_1774684617311,2026-03-28T07:56:57.311Z,NODE_01,"S3:83.742",3924,13101
LOG_1774684707402,2026-03-28T07:58:27.402Z,NODE_01,"S3:63.155",4095,5795
LOG_1774684755458,2026-03-28T07:59:15.458Z,NODE_01,"S1:52.071|S2:51.731",4095,3152
LOG_1774684793462,2026-03-28T07:59:53.462Z,NODE_01,"S2:49.13|S3:53.108",4095,5408
LOG_1774684807060,2026-03-28T08:00:07.060Z,NODE_01,"S2:49.113|S3:52.649",4095,3382
LOG_1774685147402,2026-03-28T08:05:47.402Z,NODE_01,"S1:75.327",4095,4296
LOG_1774685170498,2026-03-28T08:06:10.498Z,NODE_01,"S1:49.504",4095,4458
LOG_1774685191023,2026-03-28T08:06:31.023Z,NODE_01,"S1:54.927",4095,9768
LOG_1774686432226,2026-03-28T08:27:12.226Z,NODE_01,"S1:53.618",4095,3673
LOG_1774686509647,2026-03-28T08:28:29.648Z,NODE_01,"S1:73.44|S3:70.907",4095,3889
LOG_1774686575397,2026-03-28T08:29:35.397Z,NODE_0_0,"S1:95|S2:96|S3:97|RAIN:100",100,3918
LOG_1774686575419,2026-03-28T08:29:35.419Z,NODE_0_1,"S1:95|S2:96|S3:97|RAIN:100",100,3913
LOG_1774686575442,2026-03-28T08:29:35.442Z,NODE_0_2,"S1:95|S2:96|S3:97|RAIN:100",100,3921
LOG_1774686575464,2026-03-28T08:29:35.464Z,NODE_0_3,"S1:95|S2:96|S3:97|RAIN:100",100,3928
LOG_1774686575487,2026-03-28T08:29:35.487Z,NODE_0_4,"S1:95|S2:96|S3:97|RAIN:100",100,3936
LOG_1774686575512,2026-03-28T08:29:35.512Z,NODE_0_5,"S1:95|S2:96|S3:97|RAIN:100",100,3947
LOG_1774686575572,2026-03-28T08:29:35.572Z,NODE_0_6,"S1:95|S2:96|S3:97|RAIN:100",100,3993
LOG_1774686575597,2026-03-28T08:29:35.597Z,NODE_0_7,"S1:95|S2:96|S3:97|RAIN:100",100,4002
LOG_1774686575620,2026-03-28T08:29:35.620Z,NODE_0_8,"S1:95|S2:96|S3:97|RAIN:100",100,4008
LOG_1774686575644,2026-03-28T08:29:35.644Z,NODE_0_9,"S1:91|S2:92|S3:93|RAIN:900",900,4014
LOG_1774686575669,2026-03-28T08:29:35.669Z,NODE_0_10,"S1:91|S2:92|S3:93|RAIN:900",900,4027
LOG_1774686575694,2026-03-28T08:29:35.694Z,NODE_0_11,"S1:91|S2:92|S3:93|RAIN:900",900,4041
LOG_1774686575722,2026-03-28T08:29:35.722Z,NODE_0_12,"S1:95|S2:96|S3:97|RAIN:100",100,4056
LOG_1774686575755,2026-03-28T08:29:35.755Z,NODE_0_13,"S1:95|S2:96|S3:97|RAIN:100",100,4077
LOG_1774686575785,2026-03-28T08:29:35.785Z,NODE_0_14,"S1:95|S2:96|S3:97|RAIN:100",100,4094
LOG_1774686575813,2026-03-28T08:29:35.813Z,NODE_0_15,"S1:95|S2:96|S3:97|RAIN:100",100,4108
LOG_1774686575836,2026-03-28T08:29:35.836Z,NODE_0_16,"S1:95|S2:96|S3:97|RAIN:100",100,4118
LOG_1774686575858,2026-03-28T08:29:35.858Z,NODE_0_17,"S1:95|S2:96|S3:97|RAIN:100",100,4127
LOG_1774686575881,2026-03-28T08:29:35.881Z,NODE_0_18,"S1:95|S2:96|S3:97|RAIN:100",100,4139
LOG_1774686575903,2026-03-28T08:29:35.903Z,NODE_0_19,"S1:95|S2:96|S3:97|RAIN:100",100,4150
LOG_1774686575932,2026-03-28T08:29:35.932Z,NODE_1_0,"S1:95|S2:96|S3:97|RAIN:100",100,4166
LOG_1774686575966,2026-03-28T08:29:35.966Z,NODE_1_1,"S1:95|S2:96|S3:97|RAIN:100",100,4185
LOG_1774686575989,2026-03-28T08:29:35.989Z,NODE_1_2,"S1:95|S2:96|S3:97|RAIN:100",100,4196
LOG_1774686576024,2026-03-28T08:29:36.024Z,NODE_1_3,"S1:95|S2:96|S3:97|RAIN:100",100,4219
LOG_1774686576080,2026-03-28T08:29:36.080Z,NODE_1_4,"S1:95|S2:96|S3:97|RAIN:100",100,4263
LOG_1774686576100,2026-03-28T08:29:36.100Z,NODE_1_5,"S1:95|S2:96|S3:97|RAIN:100",100,4270
LOG_1774686576128,2026-03-28T08:29:36.128Z,NODE_1_6,"S1:95|S2:96|S3:97|RAIN:100",100,4287
LOG_1774686576153,2026-03-28T08:29:36.153Z,NODE_1_7,"S1:95|S2:96|S3:97|RAIN:100",100,4298
LOG_1774686576179,2026-03-28T08:29:36.179Z,NODE_1_8,"S1:95|S2:96|S3:97|RAIN:100",100,4309
LOG_1774686576202,2026-03-28T08:29:36.202Z,NODE_1_9,"S1:95|S2:96|S3:97|RAIN:100",100,4318
LOG_1774686576225,2026-03-28T08:29:36.225Z,NODE_1_10,"S1:91|S2:92|S3:93|RAIN:900",900,4328
LOG_1774686576251,2026-03-28T08:29:36.251Z,NODE_1_11,"S1:91|S2:92|S3:93|RAIN:900",900,4340
LOG_1774686576274,2026-03-28T08:29:36.274Z,NODE_1_12,"S1:91|S2:92|S3:93|RAIN:900",900,4351
LOG_1774686576297,2026-03-28T08:29:36.297Z,NODE_1_13,"S1:95|S2:96|S3:97|RAIN:100",100,4361
LOG_1774686576320,2026-03-28T08:29:36.320Z,NODE_1_14,"S1:95|S2:96|S3:97|RAIN:100",100,4370
LOG_1774686576347,2026-03-28T08:29:36.347Z,NODE_1_15,"S1:95|S2:96|S3:97|RAIN:100",100,4384
LOG_1774686576367,2026-03-28T08:29:36.367Z,NODE_1_16,"S1:95|S2:96|S3:97|RAIN:100",100,4392
LOG_1774686576397,2026-03-28T08:29:36.397Z,NODE_1_17,"S1:95|S2:96|S3:97|RAIN:100",100,4409
LOG_1774686576419,2026-03-28T08:29:36.419Z,NODE_1_18,"S1:95|S2:96|S3:97|RAIN:100",100,4413
LOG_1774686576453,2026-03-28T08:29:36.453Z,NODE_1_19,"S1:95|S2:96|S3:97|RAIN:100",100,4423
LOG_1774686576477,2026-03-28T08:29:36.477Z,NODE_2_0,"S1:95|S2:96|S3:97|RAIN:100",100,4432
LOG_1774686576499,2026-03-28T08:29:36.499Z,NODE_2_1,"S1:95|S2:96|S3:97|RAIN:100",100,4440
LOG_1774686576519,2026-03-28T08:29:36.519Z,NODE_2_2,"S1:95|S2:96|S3:97|RAIN:100",100,4453
LOG_1774686576585,2026-03-28T08:29:36.586Z,NODE_2_3,"S1:95|S2:96|S3:97|RAIN:100",100,4507
LOG_1774686576605,2026-03-28T08:29:36.605Z,NODE_2_4,"S1:95|S2:96|S3:97|RAIN:100",100,4513
LOG_1774686576628,2026-03-28T08:29:36.628Z,NODE_2_5,"S1:95|S2:96|S3:97|RAIN:100",100,4527
LOG_1774686576650,2026-03-28T08:29:36.650Z,NODE_2_6,"S1:95|S2:96|S3:97|RAIN:100",100,4543
LOG_1774686576677,2026-03-28T08:29:36.677Z,NODE_2_7,"S1:95|S2:96|S3:97|RAIN:100",100,4562
LOG_1774686576701,2026-03-28T08:29:36.701Z,NODE_2_8,"S1:95|S2:96|S3:97|RAIN:100",100,4579
LOG_1774686576726,2026-03-28T08:29:36.726Z,NODE_2_9,"S1:95|S2:96|S3:97|RAIN:100",100,4597
LOG_1774686576747,2026-03-28T08:29:36.747Z,NODE_2_10,"S1:95|S2:96|S3:97|RAIN:100",100,4612
LOG_1774686576770,2026-03-28T08:29:36.770Z,NODE_2_11,"S1:91|S2:92|S3:93|RAIN:900",900,4629
LOG_1774686576791,2026-03-28T08:29:36.791Z,NODE_2_12,"S1:91|S2:92|S3:93|RAIN:900",900,4640
LOG_1774686576815,2026-03-28T08:29:36.815Z,NODE_2_13,"S1:91|S2:92|S3:93|RAIN:900",900,4654
LOG_1774686576840,2026-03-28T08:29:36.840Z,NODE_2_14,"S1:95|S2:96|S3:97|RAIN:100",100,4671
LOG_1774686576861,2026-03-28T08:29:36.861Z,NODE_2_15,"S1:95|S2:96|S3:97|RAIN:100",100,4680
LOG_1774686576881,2026-03-28T08:29:36.881Z,NODE_2_16,"S1:95|S2:96|S3:97|RAIN:100",100,4688
LOG_1774686576901,2026-03-28T08:29:36.901Z,NODE_2_17,"S1:95|S2:96|S3:97|RAIN:100",100,4696
LOG_1774686576926,2026-03-28T08:29:36.926Z,NODE_2_18,"S1:95|S2:96|S3:97|RAIN:100",100,4708
LOG_1774686576946,2026-03-28T08:29:36.946Z,NODE_2_19,"S1:95|S2:96|S3:97|RAIN:100",100,4714
LOG_1774686576965,2026-03-28T08:29:36.965Z,NODE_3_0,"S1:95|S2:96|S3:97|RAIN:100",100,4719
LOG_1774686576986,2026-03-28T08:29:36.986Z,NODE_3_1,"S1:95|S2:96|S3:97|RAIN:100",100,4727
LOG_1774686577009,2026-03-28T08:29:37.009Z,NODE_3_2,"S1:95|S2:96|S3:97|RAIN:100",100,4736
LOG_1774686577064,2026-03-28T08:29:37.064Z,NODE_3_3,"S1:95|S2:96|S3:97|RAIN:100",100,4779
LOG_1774686577087,2026-03-28T08:29:37.087Z,NODE_3_4,"S1:95|S2:96|S3:97|RAIN:100",100,4788
LOG_1774686577108,2026-03-28T08:29:37.108Z,NODE_3_5,"S1:95|S2:96|S3:97|RAIN:100",100,4796
LOG_1774686577129,2026-03-28T08:29:37.129Z,NODE_3_6,"S1:95|S2:96|S3:97|RAIN:100",100,4804
LOG_1774686577151,2026-03-28T08:29:37.151Z,NODE_3_7,"S1:95|S2:96|S3:97|RAIN:100",100,4813
LOG_1774686577174,2026-03-28T08:29:37.174Z,NODE_3_8,"S1:95|S2:96|S3:97|RAIN:100",100,4824
LOG_1774686577204,2026-03-28T08:29:37.204Z,NODE_3_9,"S1:95|S2:96|S3:97|RAIN:100",100,4841
LOG_1774686577224,2026-03-28T08:29:37.224Z,NODE_3_10,"S1:95|S2:96|S3:97|RAIN:100",100,4848
LOG_1774686577246,2026-03-28T08:29:37.246Z,NODE_3_11,"S1:91|S2:92|S3:93|RAIN:900",900,4859
LOG_1774686577271,2026-03-28T08:29:37.271Z,NODE_3_12,"S1:91|S2:92|S3:93|RAIN:900",900,4871
LOG_1774686577294,2026-03-28T08:29:37.294Z,NODE_3_13,"S1:91|S2:92|S3:93|RAIN:900",900,4883
LOG_1774686577315,2026-03-28T08:29:37.315Z,NODE_3_14,"S1:95|S2:96|S3:97|RAIN:100",100,4892
LOG_1774686577338,2026-03-28T08:29:37.338Z,NODE_3_15,"S1:95|S2:96|S3:97|RAIN:100",100,4899
LOG_1774686577364,2026-03-28T08:29:37.364Z,NODE_3_16,"S1:95|S2:96|S3:97|RAIN:100",100,4913
LOG_1774686577384,2026-03-28T08:29:37.384Z,NODE_3_17,"S1:95|S2:96|S3:97|RAIN:100",100,4921
LOG_1774686577406,2026-03-28T08:29:37.406Z,NODE_3_18,"S1:95|S2:96|S3:97|RAIN:100",100,4931
LOG_1774686577426,2026-03-28T08:29:37.426Z,NODE_3_19,"S1:95|S2:96|S3:97|RAIN:100",100,4939
LOG_1774686577447,2026-03-28T08:29:37.447Z,NODE_4_0,"S1:95|S2:96|S3:97|RAIN:100",100,4949
LOG_1774686577462,2026-03-28T08:29:37.462Z,NODE_4_1,"S1:95|S2:96|S3:97|RAIN:100",100,4952
LOG_1774686577478,2026-03-28T08:29:37.478Z,NODE_4_2,"S1:95|S2:96|S3:97|RAIN:100",100,4955
LOG_1774686577495,2026-03-28T08:29:37.495Z,NODE_4_3,"S1:95|S2:96|S3:97|RAIN:100",100,4959
LOG_1774686577512,2026-03-28T08:29:37.512Z,NODE_4_4,"S1:95|S2:96|S3:97|RAIN:100",100,4964
LOG_1774686577534,2026-03-28T08:29:37.534Z,NODE_4_5,"S1:95|S2:96|S3:97|RAIN:100",100,4972
LOG_1774686577576,2026-03-28T08:29:37.576Z,NODE_4_6,"S1:95|S2:96|S3:97|RAIN:100",100,4999
LOG_1774686577591,2026-03-28T08:29:37.591Z,NODE_4_7,"S1:95|S2:96|S3:97|RAIN:100",100,5000
LOG_1774686577606,2026-03-28T08:29:37.606Z,NODE_4_8,"S1:95|S2:96|S3:97|RAIN:100",100,5003
LOG_1774686577619,2026-03-28T08:29:37.619Z,NODE_4_9,"S1:95|S2:96|S3:97|RAIN:100",100,5004
LOG_1774686577632,2026-03-28T08:29:37.632Z,NODE_4_10,"S1:95|S2:96|S3:97|RAIN:100",100,5005
LOG_1774686577648,2026-03-28T08:29:37.648Z,NODE_4_11,"S1:91|S2:92|S3:93|RAIN:900",900,5008
LOG_1774686577663,2026-03-28T08:29:37.663Z,NODE_4_12,"S1:91|S2:92|S3:93|RAIN:900",900,5010
LOG_1774686577676,2026-03-28T08:29:37.676Z,NODE_4_13,"S1:91|S2:92|S3:93|RAIN:900",900,5009
LOG_1774686577692,2026-03-28T08:29:37.692Z,NODE_4_14,"S1:95|S2:96|S3:97|RAIN:100",100,5011
LOG_1774686577707,2026-03-28T08:29:37.707Z,NODE_4_15,"S1:95|S2:96|S3:97|RAIN:100",100,5013
LOG_1774686577720,2026-03-28T08:29:37.720Z,NODE_4_16,"S1:95|S2:96|S3:97|RAIN:100",100,5014
LOG_1774686577734,2026-03-28T08:29:37.734Z,NODE_4_17,"S1:95|S2:96|S3:97|RAIN:100",100,5016
LOG_1774686577747,2026-03-28T08:29:37.747Z,NODE_4_18,"S1:95|S2:96|S3:97|RAIN:100",100,5016
LOG_1774686577763,2026-03-28T08:29:37.763Z,NODE_4_19,"S1:95|S2:96|S3:97|RAIN:100",100,5020
LOG_1774686577777,2026-03-28T08:29:37.777Z,NODE_5_0,"S1:95|S2:96|S3:97|RAIN:100",100,5023
LOG_1774686577795,2026-03-28T08:29:37.795Z,NODE_5_1,"S1:95|S2:96|S3:97|RAIN:100",100,5029
LOG_1774686577811,2026-03-28T08:29:37.811Z,NODE_5_2,"S1:95|S2:96|S3:97|RAIN:100",100,5034
LOG_1774686577824,2026-03-28T08:29:37.824Z,NODE_5_3,"S1:95|S2:96|S3:97|RAIN:100",100,5036
LOG_1774686577839,2026-03-28T08:29:37.839Z,NODE_5_4,"S1:95|S2:96|S3:97|RAIN:100",100,5040
LOG_1774686577855,2026-03-28T08:29:37.855Z,NODE_5_5,"S1:95|S2:96|S3:97|RAIN:100",100,5044
LOG_1774686577869,2026-03-28T08:29:37.869Z,NODE_5_6,"S1:95|S2:96|S3:97|RAIN:100",100,5047
LOG_1774686577885,2026-03-28T08:29:37.885Z,NODE_5_7,"S1:95|S2:96|S3:97|RAIN:100",100,5050
LOG_1774686577898,2026-03-28T08:29:37.898Z,NODE_5_8,"S1:95|S2:96|S3:97|RAIN:100",100,5050
LOG_1774686577912,2026-03-28T08:29:37.912Z,NODE_5_9,"S1:95|S2:96|S3:97|RAIN:100",100,5052
LOG_1774686577925,2026-03-28T08:29:37.925Z,NODE_5_10,"S1:91|S2:92|S3:93|RAIN:900",900,5051
LOG_1774686577937,2026-03-28T08:29:37.937Z,NODE_5_11,"S1:91|S2:92|S3:93|RAIN:900",900,5052
LOG_1774686577953,2026-03-28T08:29:37.953Z,NODE_5_12,"S1:91|S2:92|S3:93|RAIN:900",900,5053
LOG_1774686577970,2026-03-28T08:29:37.970Z,NODE_5_13,"S1:95|S2:96|S3:97|RAIN:100",100,5053
LOG_1774686577983,2026-03-28T08:29:37.983Z,NODE_5_14,"S1:95|S2:96|S3:97|RAIN:100",100,5050
LOG_1774686577998,2026-03-28T08:29:37.998Z,NODE_5_15,"S1:95|S2:96|S3:97|RAIN:100",100,5053
LOG_1774686578012,2026-03-28T08:29:38.012Z,NODE_5_16,"S1:95|S2:96|S3:97|RAIN:100",100,5056
LOG_1774686578027,2026-03-28T08:29:38.027Z,NODE_5_17,"S1:95|S2:96|S3:97|RAIN:100",100,5059
LOG_1774686578067,2026-03-28T08:29:38.067Z,NODE_5_18,"S1:95|S2:96|S3:97|RAIN:100",100,5086
LOG_1774686578080,2026-03-28T08:29:38.080Z,NODE_5_19,"S1:95|S2:96|S3:97|RAIN:100",100,5088
LOG_1774686578095,2026-03-28T08:29:38.095Z,NODE_6_0,"S1:95|S2:96|S3:97|RAIN:100",100,5092
LOG_1774686578108,2026-03-28T08:29:38.108Z,NODE_6_1,"S1:95|S2:96|S3:97|RAIN:100",100,5092
LOG_1774686578124,2026-03-28T08:29:38.124Z,NODE_6_2,"S1:95|S2:96|S3:97|RAIN:100",100,5096
LOG_1774686578137,2026-03-28T08:29:38.137Z,NODE_6_3,"S1:95|S2:96|S3:97|RAIN:100",100,5099
LOG_1774686578152,2026-03-28T08:29:38.152Z,NODE_6_4,"S1:95|S2:96|S3:97|RAIN:100",100,5103
LOG_1774686578167,2026-03-28T08:29:38.167Z,NODE_6_5,"S1:95|S2:96|S3:97|RAIN:100",100,5106
LOG_1774686578182,2026-03-28T08:29:38.182Z,NODE_6_6,"S1:95|S2:96|S3:97|RAIN:100",100,5110
LOG_1774686578196,2026-03-28T08:29:38.196Z,NODE_6_7,"S1:95|S2:96|S3:97|RAIN:100",100,5113
LOG_1774686578214,2026-03-28T08:29:38.214Z,NODE_6_8,"S1:95|S2:96|S3:97|RAIN:100",100,5118
LOG_1774686578231,2026-03-28T08:29:38.231Z,NODE_6_9,"S1:91|S2:92|S3:93|RAIN:900",900,5125
LOG_1774686578246,2026-03-28T08:29:38.246Z,NODE_6_10,"S1:91|S2:92|S3:93|RAIN:900",900,5130
LOG_1774686578260,2026-03-28T08:29:38.260Z,NODE_6_11,"S1:91|S2:92|S3:93|RAIN:900",900,5132
LOG_1774686578272,2026-03-28T08:29:38.272Z,NODE_6_12,"S1:95|S2:96|S3:97|RAIN:100",100,5132
LOG_1774686578287,2026-03-28T08:29:38.287Z,NODE_6_13,"S1:95|S2:96|S3:97|RAIN:100",100,5135
LOG_1774686578302,2026-03-28T08:29:38.302Z,NODE_6_14,"S1:95|S2:96|S3:97|RAIN:100",100,5137
LOG_1774686578318,2026-03-28T08:29:38.318Z,NODE_6_15,"S1:95|S2:96|S3:97|RAIN:100",100,5140
LOG_1774686578334,2026-03-28T08:29:38.334Z,NODE_6_16,"S1:95|S2:96|S3:97|RAIN:100",100,5142
LOG_1774686578348,2026-03-28T08:29:38.348Z,NODE_6_17,"S1:95|S2:96|S3:97|RAIN:100",100,5144
LOG_1774686578361,2026-03-28T08:29:38.361Z,NODE_6_18,"S1:95|S2:96|S3:97|RAIN:100",100,5145
LOG_1774686578376,2026-03-28T08:29:38.376Z,NODE_6_19,"S1:95|S2:96|S3:97|RAIN:100",100,5149
LOG_1774686578391,2026-03-28T08:29:38.391Z,NODE_7_0,"S1:95|S2:96|S3:97|RAIN:100",100,5151
LOG_1774686578404,2026-03-28T08:29:38.404Z,NODE_7_1,"S1:95|S2:96|S3:97|RAIN:100",100,5149
LOG_1774686578418,2026-03-28T08:29:38.418Z,NODE_7_2,"S1:95|S2:96|S3:97|RAIN:100",100,5149
LOG_1774686578441,2026-03-28T08:29:38.441Z,NODE_7_3,"S1:95|S2:96|S3:97|RAIN:100",100,5159
LOG_1774686578463,2026-03-28T08:29:38.463Z,NODE_7_4,"S1:95|S2:96|S3:97|RAIN:100",100,5170
LOG_1774686578479,2026-03-28T08:29:38.479Z,NODE_7_5,"S1:95|S2:96|S3:97|RAIN:100",100,5174
LOG_1774686578492,2026-03-28T08:29:38.492Z,NODE_7_6,"S1:95|S2:96|S3:97|RAIN:100",100,5176
LOG_1774686578506,2026-03-28T08:29:38.506Z,NODE_7_7,"S1:95|S2:96|S3:97|RAIN:100",100,5177
LOG_1774686578520,2026-03-28T08:29:38.520Z,NODE_7_8,"S1:91|S2:92|S3:93|RAIN:900",900,5179
LOG_1774686578535,2026-03-28T08:29:38.535Z,NODE_7_9,"S1:91|S2:92|S3:93|RAIN:900",900,5182
LOG_1774686578572,2026-03-28T08:29:38.572Z,NODE_7_10,"S1:91|S2:92|S3:93|RAIN:900",900,5207
LOG_1774686578586,2026-03-28T08:29:38.586Z,NODE_7_11,"S1:95|S2:96|S3:97|RAIN:100",100,5209
LOG_1774686578600,2026-03-28T08:29:38.600Z,NODE_7_12,"S1:95|S2:96|S3:97|RAIN:100",100,5210
LOG_1774686578614,2026-03-28T08:29:38.614Z,NODE_7_13,"S1:95|S2:96|S3:97|RAIN:100",100,5212
LOG_1774686578627,2026-03-28T08:29:38.627Z,NODE_7_14,"S1:95|S2:96|S3:97|RAIN:100",100,5211
LOG_1774686578641,2026-03-28T08:29:38.641Z,NODE_7_15,"S1:95|S2:96|S3:97|RAIN:100",100,5214
LOG_1774686578655,2026-03-28T08:29:38.655Z,NODE_7_16,"S1:95|S2:96|S3:97|RAIN:100",100,5218
LOG_1774686578669,2026-03-28T08:29:38.669Z,NODE_7_17,"S1:95|S2:96|S3:97|RAIN:100",100,5220
LOG_1774686578684,2026-03-28T08:29:38.684Z,NODE_7_18,"S1:95|S2:96|S3:97|RAIN:100",100,5223
LOG_1774686578700,2026-03-28T08:29:38.700Z,NODE_7_19,"S1:95|S2:96|S3:97|RAIN:100",100,5228
LOG_1774686578715,2026-03-28T08:29:38.715Z,NODE_8_0,"S1:95|S2:96|S3:97|RAIN:100",100,5232
LOG_1774686578731,2026-03-28T08:29:38.731Z,NODE_8_1,"S1:95|S2:96|S3:97|RAIN:100",100,5236
LOG_1774686578746,2026-03-28T08:29:38.746Z,NODE_8_2,"S1:95|S2:96|S3:97|RAIN:100",100,5239
LOG_1774686578760,2026-03-28T08:29:38.760Z,NODE_8_3,"S1:95|S2:96|S3:97|RAIN:100",100,5241
LOG_1774686578775,2026-03-28T08:29:38.775Z,NODE_8_4,"S1:95|S2:96|S3:97|RAIN:100",100,5245
LOG_1774686578791,2026-03-28T08:29:38.791Z,NODE_8_5,"S1:95|S2:96|S3:97|RAIN:100",100,5247
LOG_1774686578807,2026-03-28T08:29:38.807Z,NODE_8_6,"S1:95|S2:96|S3:97|RAIN:100",100,5252
LOG_1774686578821,2026-03-28T08:29:38.821Z,NODE_8_7,"S1:95|S2:96|S3:97|RAIN:100",100,5255
LOG_1774686578836,2026-03-28T08:29:38.836Z,NODE_8_8,"S1:91|S2:92|S3:93|RAIN:900",900,5259
LOG_1774686578851,2026-03-28T08:29:38.851Z,NODE_8_9,"S1:91|S2:92|S3:93|RAIN:900",900,5261
LOG_1774686578867,2026-03-28T08:29:38.867Z,NODE_8_10,"S1:95|S2:96|S3:97|RAIN:100",100,5266
LOG_1774686578889,2026-03-28T08:29:38.889Z,NODE_8_11,"S1:95|S2:96|S3:97|RAIN:100",100,5278
LOG_1774686578903,2026-03-28T08:29:38.903Z,NODE_8_12,"S1:95|S2:96|S3:97|RAIN:100",100,5281
LOG_1774686578917,2026-03-28T08:29:38.917Z,NODE_8_13,"S1:95|S2:96|S3:97|RAIN:100",100,5283
LOG_1774686578933,2026-03-28T08:29:38.933Z,NODE_8_14,"S1:95|S2:96|S3:97|RAIN:100",100,5286
LOG_1774686578948,2026-03-28T08:29:38.948Z,NODE_8_15,"S1:95|S2:96|S3:97|RAIN:100",100,5288
LOG_1774686578966,2026-03-28T08:29:38.966Z,NODE_8_16,"S1:95|S2:96|S3:97|RAIN:100",100,5296
LOG_1774686578984,2026-03-28T08:29:38.984Z,NODE_8_17,"S1:95|S2:96|S3:97|RAIN:100",100,5301
LOG_1774686578999,2026-03-28T08:29:38.999Z,NODE_8_18,"S1:95|S2:96|S3:97|RAIN:100",100,5304
LOG_1774686579020,2026-03-28T08:29:39.020Z,NODE_8_19,"S1:95|S2:96|S3:97|RAIN:100",100,5312
LOG_1774686579076,2026-03-28T08:29:39.076Z,NODE_9_0,"S1:95|S2:96|S3:97|RAIN:100",100,5357
LOG_1774686579091,2026-03-28T08:29:39.091Z,NODE_9_1,"S1:95|S2:96|S3:97|RAIN:100",100,5360
LOG_1774686579107,2026-03-28T08:29:39.107Z,NODE_9_2,"S1:95|S2:96|S3:97|RAIN:100",100,5363
LOG_1774686579125,2026-03-28T08:29:39.125Z,NODE_9_3,"S1:95|S2:96|S3:97|RAIN:100",100,5369
LOG_1774686579140,2026-03-28T08:29:39.140Z,NODE_9_4,"S1:95|S2:96|S3:97|RAIN:100",100,5373
LOG_1774686579157,2026-03-28T08:29:39.157Z,NODE_9_5,"S1:95|S2:96|S3:97|RAIN:100",100,5377
LOG_1774686579174,2026-03-28T08:29:39.174Z,NODE_9_6,"S1:95|S2:96|S3:97|RAIN:100",100,5382
LOG_1774686579194,2026-03-28T08:29:39.194Z,NODE_9_7,"S1:91|S2:92|S3:93|RAIN:900",900,5388
LOG_1774686579211,2026-03-28T08:29:39.211Z,NODE_9_8,"S1:91|S2:92|S3:93|RAIN:900",900,5391
LOG_1774686579230,2026-03-28T08:29:39.230Z,NODE_9_9,"S1:91|S2:92|S3:93|RAIN:900",900,5398
LOG_1774686579246,2026-03-28T08:29:39.246Z,NODE_9_10,"S1:95|S2:96|S3:97|RAIN:100",100,5401
LOG_1774686579261,2026-03-28T08:29:39.261Z,NODE_9_11,"S1:95|S2:96|S3:97|RAIN:100",100,5404
LOG_1774686579278,2026-03-28T08:29:39.278Z,NODE_9_12,"S1:95|S2:96|S3:97|RAIN:100",100,5409
LOG_1774686579297,2026-03-28T08:29:39.297Z,NODE_9_13,"S1:95|S2:96|S3:97|RAIN:100",100,5417
LOG_1774686579313,2026-03-28T08:29:39.313Z,NODE_9_14,"S1:95|S2:96|S3:97|RAIN:100",100,5421
LOG_1774686579331,2026-03-28T08:29:39.331Z,NODE_9_15,"S1:95|S2:96|S3:97|RAIN:100",100,5426
LOG_1774686579350,2026-03-28T08:29:39.350Z,NODE_9_16,"S1:95|S2:96|S3:97|RAIN:100",100,5434
LOG_1774686579366,2026-03-28T08:29:39.366Z,NODE_9_17,"S1:95|S2:96|S3:97|RAIN:100",100,5440
LOG_1774686579385,2026-03-28T08:29:39.385Z,NODE_9_18,"S1:95|S2:96|S3:97|RAIN:100",100,5448
LOG_1774686579417,2026-03-28T08:29:39.417Z,NODE_9_19,"S1:95|S2:96|S3:97|RAIN:100",100,5467
LOG_1774686579447,2026-03-28T08:29:39.447Z,NODE_10_0,"S1:95|S2:96|S3:97|RAIN:100",100,5485
LOG_1774686579472,2026-03-28T08:29:39.473Z,NODE_10_1,"S1:95|S2:96|S3:97|RAIN:100",100,5499
LOG_1774686579501,2026-03-28T08:29:39.501Z,NODE_10_2,"S1:95|S2:96|S3:97|RAIN:100",100,5516
LOG_1774686579525,2026-03-28T08:29:39.525Z,NODE_10_3,"S1:95|S2:96|S3:97|RAIN:100",100,5528
LOG_1774686579579,2026-03-28T08:29:39.579Z,NODE_10_4,"S1:95|S2:96|S3:97|RAIN:100",100,5570
LOG_1774686579602,2026-03-28T08:29:39.602Z,NODE_10_5,"S1:95|S2:96|S3:97|RAIN:100",100,5582
LOG_1774686579621,2026-03-28T08:29:39.621Z,NODE_10_6,"S1:95|S2:96|S3:97|RAIN:100",100,5590
LOG_1774686579648,2026-03-28T08:29:39.648Z,NODE_10_7,"S1:89|S2:90|S3:91|RAIN:900",900,5605
LOG_1774686579676,2026-03-28T08:29:39.676Z,NODE_10_8,"S1:89|S2:90|S3:91|RAIN:900",900,5622
LOG_1774686579717,2026-03-28T08:29:39.717Z,NODE_10_9,"S1:89|S2:90|S3:91|RAIN:900",900,5651
LOG_1774686579746,2026-03-28T08:29:39.746Z,NODE_10_10,"S1:95|S2:96|S3:97|RAIN:100",100,5669
LOG_1774686579773,2026-03-28T08:29:39.773Z,NODE_10_11,"S1:95|S2:96|S3:97|RAIN:100",100,5686
LOG_1774686579803,2026-03-28T08:29:39.803Z,NODE_10_12,"S1:95|S2:96|S3:97|RAIN:100",100,5702
LOG_1774686579832,2026-03-28T08:29:39.832Z,NODE_10_13,"S1:95|S2:96|S3:97|RAIN:100",100,5719
LOG_1774686579861,2026-03-28T08:29:39.861Z,NODE_10_14,"S1:95|S2:96|S3:97|RAIN:100",100,5737
LOG_1774686579888,2026-03-28T08:29:39.888Z,NODE_10_15,"S1:95|S2:96|S3:97|RAIN:100",100,5750
LOG_1774686579913,2026-03-28T08:29:39.913Z,NODE_10_16,"S1:95|S2:96|S3:97|RAIN:100",100,5762
LOG_1774686579939,2026-03-28T08:29:39.939Z,NODE_10_17,"S1:95|S2:96|S3:97|RAIN:100",100,5775
LOG_1774686579964,2026-03-28T08:29:39.964Z,NODE_10_18,"S1:95|S2:96|S3:97|RAIN:100",100,5788
LOG_1774686579993,2026-03-28T08:29:39.993Z,NODE_10_19,"S1:95|S2:96|S3:97|RAIN:100",100,5807
LOG_1774686580022,2026-03-28T08:29:40.022Z,NODE_11_0,"S1:95|S2:96|S3:97|RAIN:100",100,5825
LOG_1774686580081,2026-03-28T08:29:40.081Z,NODE_11_1,"S1:95|S2:96|S3:97|RAIN:100",100,5872
LOG_1774686580107,2026-03-28T08:29:40.107Z,NODE_11_2,"S1:95|S2:96|S3:97|RAIN:100",100,5887
LOG_1774686580137,2026-03-28T08:29:40.137Z,NODE_11_3,"S1:95|S2:96|S3:97|RAIN:100",100,5905
LOG_1774686580158,2026-03-28T08:29:40.158Z,NODE_11_4,"S1:95|S2:96|S3:97|RAIN:100",100,5915
LOG_1774686580187,2026-03-28T08:29:40.187Z,NODE_11_5,"S1:95|S2:96|S3:97|RAIN:100",100,5932
LOG_1774686580213,2026-03-28T08:29:40.213Z,NODE_11_6,"S1:95|S2:96|S3:97|RAIN:100",100,5947
LOG_1774686580244,2026-03-28T08:29:40.244Z,NODE_11_7,"S1:95|S2:96|S3:97|RAIN:100",100,5966
LOG_1774686580269,2026-03-28T08:29:40.269Z,NODE_11_8,"S1:89|S2:90|S3:91|RAIN:900",900,5981
LOG_1774686580297,2026-03-28T08:29:40.297Z,NODE_11_9,"S1:89|S2:90|S3:91|RAIN:900",900,5996
LOG_1774686580323,2026-03-28T08:29:40.323Z,NODE_11_10,"S1:95|S2:96|S3:97|RAIN:100",100,6009
LOG_1774686580353,2026-03-28T08:29:40.353Z,NODE_11_11,"S1:95|S2:96|S3:97|RAIN:100",100,6025
LOG_1774686580380,2026-03-28T08:29:40.380Z,NODE_11_12,"S1:95|S2:96|S3:97|RAIN:100",100,6038
LOG_1774686580406,2026-03-28T08:29:40.406Z,NODE_11_13,"S1:95|S2:96|S3:97|RAIN:100",100,6052
LOG_1774686580432,2026-03-28T08:29:40.432Z,NODE_11_14,"S1:95|S2:96|S3:97|RAIN:100",100,6065
LOG_1774686580459,2026-03-28T08:29:40.459Z,NODE_11_15,"S1:95|S2:96|S3:97|RAIN:100",100,6079
LOG_1774686580487,2026-03-28T08:29:40.487Z,NODE_11_16,"S1:95|S2:96|S3:97|RAIN:100",100,6093
LOG_1774686580517,2026-03-28T08:29:40.517Z,NODE_11_17,"S1:95|S2:96|S3:97|RAIN:100",100,6110
LOG_1774686580582,2026-03-28T08:29:40.582Z,NODE_11_18,"S1:95|S2:96|S3:97|RAIN:100",100,6163
LOG_1774686580600,2026-03-28T08:29:40.600Z,NODE_11_19,"S1:95|S2:96|S3:97|RAIN:100",100,6168
LOG_1774686580621,2026-03-28T08:29:40.621Z,NODE_12_0,"S1:95|S2:96|S3:97|RAIN:100",100,6177
LOG_1774686580645,2026-03-28T08:29:40.646Z,NODE_12_1,"S1:95|S2:96|S3:97|RAIN:100",100,6189
LOG_1774686580676,2026-03-28T08:29:40.676Z,NODE_12_2,"S1:95|S2:96|S3:97|RAIN:100",100,6205
LOG_1774686580701,2026-03-28T08:29:40.701Z,NODE_12_3,"S1:95|S2:96|S3:97|RAIN:100",100,6218
LOG_1774686580727,2026-03-28T08:29:40.727Z,NODE_12_4,"S1:95|S2:96|S3:97|RAIN:100",100,6231
LOG_1774686580751,2026-03-28T08:29:40.751Z,NODE_12_5,"S1:95|S2:96|S3:97|RAIN:100",100,6243
LOG_1774686580781,2026-03-28T08:29:40.782Z,NODE_12_6,"S1:95|S2:96|S3:97|RAIN:100",100,6262
LOG_1774686580812,2026-03-28T08:29:40.812Z,NODE_12_7,"S1:95|S2:96|S3:97|RAIN:100",100,6276
LOG_1774686580841,2026-03-28T08:29:40.841Z,NODE_12_8,"S1:95|S2:96|S3:97|RAIN:100",100,6294
LOG_1774686580870,2026-03-28T08:29:40.870Z,NODE_12_9,"S1:89|S2:90|S3:91|RAIN:900",900,6310
LOG_1774686580900,2026-03-28T08:29:40.900Z,NODE_12_10,"S1:89|S2:90|S3:91|RAIN:900",900,6326
LOG_1774686580933,2026-03-28T08:29:40.933Z,NODE_12_11,"S1:95|S2:96|S3:97|RAIN:100",100,6344
LOG_1774686580971,2026-03-28T08:29:40.971Z,NODE_12_12,"S1:95|S2:96|S3:97|RAIN:100",100,6369
LOG_1774686581000,2026-03-28T08:29:41.000Z,NODE_12_13,"S1:95|S2:96|S3:97|RAIN:100",100,6385
LOG_1774686581030,2026-03-28T08:29:41.030Z,NODE_12_14,"S1:95|S2:96|S3:97|RAIN:100",100,6401
LOG_1774686581080,2026-03-28T08:29:41.080Z,NODE_12_15,"S1:95|S2:96|S3:97|RAIN:100",100,6438
LOG_1774686581107,2026-03-28T08:29:41.107Z,NODE_12_16,"S1:95|S2:96|S3:97|RAIN:100",100,6453
LOG_1774686581131,2026-03-28T08:29:41.131Z,NODE_12_17,"S1:95|S2:96|S3:97|RAIN:100",100,6465
LOG_1774686581158,2026-03-28T08:29:41.158Z,NODE_12_18,"S1:95|S2:96|S3:97|RAIN:100",100,6481
LOG_1774686581184,2026-03-28T08:29:41.184Z,NODE_12_19,"S1:95|S2:96|S3:97|RAIN:100",100,6496
LOG_1774686581210,2026-03-28T08:29:41.210Z,NODE_13_0,"S1:95|S2:96|S3:97|RAIN:100",100,6505
LOG_1774686581233,2026-03-28T08:29:41.233Z,NODE_13_1,"S1:95|S2:96|S3:97|RAIN:100",100,6516
LOG_1774686581255,2026-03-28T08:29:41.255Z,NODE_13_2,"S1:95|S2:96|S3:97|RAIN:100",100,6525
LOG_1774686581282,2026-03-28T08:29:41.282Z,NODE_13_3,"S1:95|S2:96|S3:97|RAIN:100",100,6541
LOG_1774686581301,2026-03-28T08:29:41.301Z,NODE_13_4,"S1:95|S2:96|S3:97|RAIN:100",100,6549
LOG_1774686581326,2026-03-28T08:29:41.326Z,NODE_13_5,"S1:95|S2:96|S3:97|RAIN:100",100,6561
LOG_1774686581354,2026-03-28T08:29:41.354Z,NODE_13_6,"S1:95|S2:96|S3:97|RAIN:100",100,6572
LOG_1774686581382,2026-03-28T08:29:41.382Z,NODE_13_7,"S1:95|S2:96|S3:97|RAIN:100",100,6586
LOG_1774686581414,2026-03-28T08:29:41.414Z,NODE_13_8,"S1:95|S2:96|S3:97|RAIN:100",100,6607
LOG_1774686581448,2026-03-28T08:29:41.448Z,NODE_13_9,"S1:95|S2:96|S3:97|RAIN:100",100,6628
LOG_1774686581472,2026-03-28T08:29:41.472Z,NODE_13_10,"S1:89|S2:90|S3:91|RAIN:900",900,6636
LOG_1774686581498,2026-03-28T08:29:41.498Z,NODE_13_11,"S1:89|S2:90|S3:91|RAIN:900",900,6647
LOG_1774686581519,2026-03-28T08:29:41.519Z,NODE_13_12,"S1:95|S2:96|S3:97|RAIN:100",100,6653
LOG_1774686581580,2026-03-28T08:29:41.580Z,NODE_13_13,"S1:95|S2:96|S3:97|RAIN:100",100,6701
LOG_1774686581621,2026-03-28T08:29:41.621Z,NODE_13_14,"S1:95|S2:96|S3:97|RAIN:100",100,6730
LOG_1774686581637,2026-03-28T08:29:41.637Z,NODE_13_15,"S1:95|S2:96|S3:97|RAIN:100",100,6736
LOG_1774686581651,2026-03-28T08:29:41.651Z,NODE_13_16,"S1:95|S2:96|S3:97|RAIN:100",100,6737
LOG_1774686581668,2026-03-28T08:29:41.668Z,NODE_13_17,"S1:95|S2:96|S3:97|RAIN:100",100,6743
LOG_1774686581679,2026-03-28T08:29:41.679Z,NODE_13_18,"S1:95|S2:96|S3:97|RAIN:100",100,6742
LOG_1774686581694,2026-03-28T08:29:41.694Z,NODE_13_19,"S1:95|S2:96|S3:97|RAIN:100",100,6746
LOG_1774686581713,2026-03-28T08:29:41.713Z,NODE_14_0,"S1:95|S2:96|S3:97|RAIN:100",100,6755
LOG_1774686581727,2026-03-28T08:29:41.727Z,NODE_14_1,"S1:95|S2:96|S3:97|RAIN:100",100,6756
LOG_1774686581737,2026-03-28T08:29:41.737Z,NODE_14_2,"S1:95|S2:96|S3:97|RAIN:100",100,6753
LOG_1774686581742,2026-03-28T08:29:41.742Z,NODE_14_3,"S1:95|S2:96|S3:97|RAIN:100",100,6747
LOG_1774686581748,2026-03-28T08:29:41.748Z,NODE_14_4,"S1:95|S2:96|S3:97|RAIN:100",100,6741
LOG_1774686581754,2026-03-28T08:29:41.754Z,NODE_14_5,"S1:95|S2:96|S3:97|RAIN:100",100,6734
LOG_1774686581758,2026-03-28T08:29:41.758Z,NODE_14_6,"S1:95|S2:96|S3:97|RAIN:100",100,6698
LOG_1774686581762,2026-03-28T08:29:41.762Z,NODE_14_7,"S1:95|S2:96|S3:97|RAIN:100",100,6692
LOG_1774686581771,2026-03-28T08:29:41.771Z,NODE_14_8,"S1:95|S2:96|S3:97|RAIN:100",100,6689
LOG_1774686581786,2026-03-28T08:29:41.787Z,NODE_14_9,"S1:95|S2:96|S3:97|RAIN:100",100,6692
LOG_1774686581801,2026-03-28T08:29:41.801Z,NODE_14_10,"S1:89|S2:90|S3:91|RAIN:900",900,6696
LOG_1774686581820,2026-03-28T08:29:41.820Z,NODE_14_11,"S1:89|S2:90|S3:91|RAIN:900",900,6702
LOG_1774686581839,2026-03-28T08:29:41.839Z,NODE_14_12,"S1:89|S2:90|S3:91|RAIN:900",900,6707
LOG_1774686581857,2026-03-28T08:29:41.857Z,NODE_14_13,"S1:95|S2:96|S3:97|RAIN:100",100,6712
LOG_1774686581878,2026-03-28T08:29:41.878Z,NODE_14_14,"S1:95|S2:96|S3:97|RAIN:100",100,6721
LOG_1774686581907,2026-03-28T08:29:41.907Z,NODE_14_15,"S1:95|S2:96|S3:97|RAIN:100",100,6740
LOG_1774686581935,2026-03-28T08:29:41.935Z,NODE_14_16,"S1:95|S2:96|S3:97|RAIN:100",100,6755
LOG_1774686581964,2026-03-28T08:29:41.964Z,NODE_14_17,"S1:95|S2:96|S3:97|RAIN:100",100,6768
LOG_1774686581985,2026-03-28T08:29:41.985Z,NODE_14_18,"S1:95|S2:96|S3:97|RAIN:100",100,6778
LOG_1774686582010,2026-03-28T08:29:42.010Z,NODE_14_19,"S1:95|S2:96|S3:97|RAIN:100",100,6792
LOG_1774686582037,2026-03-28T08:29:42.037Z,NODE_15_0,"S1:95|S2:96|S3:97|RAIN:100",100,6806
LOG_1774686582105,2026-03-28T08:29:42.105Z,NODE_15_1,"S1:95|S2:96|S3:97|RAIN:100",100,6862
LOG_1774686582126,2026-03-28T08:29:42.126Z,NODE_15_2,"S1:95|S2:96|S3:97|RAIN:100",100,6871
LOG_1774686582152,2026-03-28T08:29:42.152Z,NODE_15_3,"S1:95|S2:96|S3:97|RAIN:100",100,6885
LOG_1774686582177,2026-03-28T08:29:42.177Z,NODE_15_4,"S1:95|S2:96|S3:97|RAIN:100",100,6898
LOG_1774686582196,2026-03-28T08:29:42.196Z,NODE_15_5,"S1:95|S2:96|S3:97|RAIN:100",100,6906
LOG_1774686582211,2026-03-28T08:29:42.211Z,NODE_15_6,"S1:95|S2:96|S3:97|RAIN:100",100,6911
LOG_1774686582226,2026-03-28T08:29:42.226Z,NODE_15_7,"S1:95|S2:96|S3:97|RAIN:100",100,6915
LOG_1774686582241,2026-03-28T08:29:42.241Z,NODE_15_8,"S1:95|S2:96|S3:97|RAIN:100",100,6919
LOG_1774686582262,2026-03-28T08:29:42.262Z,NODE_15_9,"S1:95|S2:96|S3:97|RAIN:100",100,6930
LOG_1774686582286,2026-03-28T08:29:42.286Z,NODE_15_10,"S1:95|S2:96|S3:97|RAIN:100",100,6939
LOG_1774686582310,2026-03-28T08:29:42.310Z,NODE_15_11,"S1:89|S2:90|S3:91|RAIN:900",900,6951
LOG_1774686582332,2026-03-28T08:29:42.332Z,NODE_15_12,"S1:89|S2:90|S3:91|RAIN:900",900,6962
LOG_1774686582359,2026-03-28T08:29:42.359Z,NODE_15_13,"S1:89|S2:90|S3:91|RAIN:900",900,6978
LOG_1774686582377,2026-03-28T08:29:42.377Z,NODE_15_14,"S1:95|S2:96|S3:97|RAIN:100",100,6975
LOG_1774686582396,2026-03-28T08:29:42.396Z,NODE_15_15,"S1:95|S2:96|S3:97|RAIN:100",100,6972
LOG_1774686582422,2026-03-28T08:29:42.422Z,NODE_15_16,"S1:95|S2:96|S3:97|RAIN:100",100,6976
LOG_1774686582436,2026-03-28T08:29:42.436Z,NODE_15_17,"S1:95|S2:96|S3:97|RAIN:100",100,6967
LOG_1774686582449,2026-03-28T08:29:42.449Z,NODE_15_18,"S1:95|S2:96|S3:97|RAIN:100",100,6956
LOG_1774686582468,2026-03-28T08:29:42.468Z,NODE_15_19,"S1:95|S2:96|S3:97|RAIN:100",100,6953
LOG_1774686582488,2026-03-28T08:29:42.488Z,NODE_16_0,"S1:95|S2:96|S3:97|RAIN:100",100,6910
LOG_1774686582505,2026-03-28T08:29:42.505Z,NODE_16_1,"S1:95|S2:96|S3:97|RAIN:100",100,6903
LOG_1774686582522,2026-03-28T08:29:42.522Z,NODE_16_2,"S1:95|S2:96|S3:97|RAIN:100",100,6897
LOG_1774686582541,2026-03-28T08:29:42.541Z,NODE_16_3,"S1:95|S2:96|S3:97|RAIN:100",100,6891
LOG_1774686582584,2026-03-28T08:29:42.584Z,NODE_16_4,"S1:95|S2:96|S3:97|RAIN:100",100,6909
LOG_1774686582602,2026-03-28T08:29:42.602Z,NODE_16_5,"S1:95|S2:96|S3:97|RAIN:100",100,6904
LOG_1774686582627,2026-03-28T08:29:42.627Z,NODE_16_6,"S1:95|S2:96|S3:97|RAIN:100",100,6897
LOG_1774686582645,2026-03-28T08:29:42.645Z,NODE_16_7,"S1:95|S2:96|S3:97|RAIN:100",100,6882
LOG_1774686582670,2026-03-28T08:29:42.670Z,NODE_16_8,"S1:95|S2:96|S3:97|RAIN:100",100,6878
LOG_1774686582690,2026-03-28T08:29:42.690Z,NODE_16_9,"S1:95|S2:96|S3:97|RAIN:100",100,6870
LOG_1774686582709,2026-03-28T08:29:42.709Z,NODE_16_10,"S1:95|S2:96|S3:97|RAIN:100",100,6868
LOG_1774686582726,2026-03-28T08:29:42.726Z,NODE_16_11,"S1:89|S2:90|S3:91|RAIN:900",900,6864
LOG_1774686582742,2026-03-28T08:29:42.742Z,NODE_16_12,"S1:89|S2:90|S3:91|RAIN:900",900,6857
LOG_1774686582759,2026-03-28T08:29:42.759Z,NODE_16_13,"S1:89|S2:90|S3:91|RAIN:900",900,6851
LOG_1774686582773,2026-03-28T08:29:42.773Z,NODE_16_14,"S1:95|S2:96|S3:97|RAIN:100",100,6836
LOG_1774686582790,2026-03-28T08:29:42.790Z,NODE_16_15,"S1:95|S2:96|S3:97|RAIN:100",100,6818
LOG_1774686582804,2026-03-28T08:29:42.804Z,NODE_16_16,"S1:95|S2:96|S3:97|RAIN:100",100,6809
LOG_1774686582824,2026-03-28T08:29:42.824Z,NODE_16_17,"S1:95|S2:96|S3:97|RAIN:100",100,6794
LOG_1774686582850,2026-03-28T08:29:42.850Z,NODE_16_18,"S1:95|S2:96|S3:97|RAIN:100",100,6767
LOG_1774686582871,2026-03-28T08:29:42.871Z,NODE_16_19,"S1:95|S2:96|S3:97|RAIN:100",100,6765
LOG_1774686582890,2026-03-28T08:29:42.890Z,NODE_17_0,"S1:95|S2:96|S3:97|RAIN:100",100,6755
LOG_1774686582912,2026-03-28T08:29:42.912Z,NODE_17_1,"S1:95|S2:96|S3:97|RAIN:100",100,6752
LOG_1774686582934,2026-03-28T08:29:42.934Z,NODE_17_2,"S1:95|S2:96|S3:97|RAIN:100",100,6750
LOG_1774686582954,2026-03-28T08:29:42.954Z,NODE_17_3,"S1:95|S2:96|S3:97|RAIN:100",100,6746
LOG_1774686582973,2026-03-28T08:29:42.973Z,NODE_17_4,"S1:95|S2:96|S3:97|RAIN:100",100,6742
LOG_1774686582989,2026-03-28T08:29:42.989Z,NODE_17_5,"S1:95|S2:96|S3:97|RAIN:100",100,6732
LOG_1774686583004,2026-03-28T08:29:43.004Z,NODE_17_6,"S1:95|S2:96|S3:97|RAIN:100",100,6724
LOG_1774686583018,2026-03-28T08:29:43.018Z,NODE_17_7,"S1:95|S2:96|S3:97|RAIN:100",100,6718
LOG_1774686583035,2026-03-28T08:29:43.035Z,NODE_17_8,"S1:95|S2:96|S3:97|RAIN:100",100,6708
LOG_1774686583053,2026-03-28T08:29:43.053Z,NODE_17_9,"S1:95|S2:96|S3:97|RAIN:100",100,6701
LOG_1774686583102,2026-03-28T08:29:43.102Z,NODE_17_10,"S1:95|S2:96|S3:97|RAIN:100",100,6728
LOG_1774686596626,2026-03-28T08:29:56.626Z,NODE_5_6,"S1:95|S2:96|S3:97|RAIN:100",100,4868
LOG_1774686596639,2026-03-28T08:29:56.639Z,NODE_5_7,"S1:95|S2:96|S3:97|RAIN:100",100,4874
LOG_1774686596651,2026-03-28T08:29:56.651Z,NODE_5_8,"S1:95|S2:96|S3:97|RAIN:100",100,4880
LOG_1774686596665,2026-03-28T08:29:56.665Z,NODE_5_9,"S1:95|S2:96|S3:97|RAIN:100",100,4889
LOG_1774686596677,2026-03-28T08:29:56.677Z,NODE_5_10,"S1:81|S2:82|S3:83|RAIN:900",900,4895
LOG_1774686596688,2026-03-28T08:29:56.688Z,NODE_5_11,"S1:81|S2:82|S3:83|RAIN:900",900,4901
LOG_1774686596700,2026-03-28T08:29:56.700Z,NODE_5_12,"S1:81|S2:82|S3:83|RAIN:900",900,4908
LOG_1774686596714,2026-03-28T08:29:56.714Z,NODE_5_13,"S1:95|S2:96|S3:97|RAIN:100",100,4916
LOG_1774686596727,2026-03-28T08:29:56.727Z,NODE_5_14,"S1:95|S2:96|S3:97|RAIN:100",100,4921
LOG_1774686596741,2026-03-28T08:29:56.741Z,NODE_5_15,"S1:95|S2:96|S3:97|RAIN:100",100,4929
LOG_1774686596792,2026-03-28T08:29:56.792Z,NODE_5_16,"S1:95|S2:96|S3:97|RAIN:100",100,4975
LOG_1774686596809,2026-03-28T08:29:56.809Z,NODE_5_17,"S1:95|S2:96|S3:97|RAIN:100",100,4986
LOG_1774686596822,2026-03-28T08:29:56.822Z,NODE_5_18,"S1:95|S2:96|S3:97|RAIN:100",100,4993
LOG_1774686596835,2026-03-28T08:29:56.835Z,NODE_5_19,"S1:95|S2:96|S3:97|RAIN:100",100,5000
LOG_1774686596849,2026-03-28T08:29:56.849Z,NODE_6_0,"S1:95|S2:96|S3:97|RAIN:100",100,5009
LOG_1774686596865,2026-03-28T08:29:56.865Z,NODE_6_1,"S1:95|S2:96|S3:97|RAIN:100",100,5019
LOG_1774686596882,2026-03-28T08:29:56.882Z,NODE_6_2,"S1:95|S2:96|S3:97|RAIN:100",100,5030
LOG_1774686596900,2026-03-28T08:29:56.900Z,NODE_6_3,"S1:95|S2:96|S3:97|RAIN:100",100,5042
LOG_1774686596915,2026-03-28T08:29:56.915Z,NODE_6_4,"S1:95|S2:96|S3:97|RAIN:100",100,5051
LOG_1774686596930,2026-03-28T08:29:56.930Z,NODE_6_5,"S1:95|S2:96|S3:97|RAIN:100",100,5060
LOG_1774686596944,2026-03-28T08:29:56.944Z,NODE_6_6,"S1:95|S2:96|S3:97|RAIN:100",100,5069
LOG_1774686596960,2026-03-28T08:29:56.960Z,NODE_6_7,"S1:95|S2:96|S3:97|RAIN:100",100,5079
LOG_1774686596976,2026-03-28T08:29:56.976Z,NODE_6_8,"S1:95|S2:96|S3:97|RAIN:100",100,5090
LOG_1774686596995,2026-03-28T08:29:56.995Z,NODE_6_9,"S1:81|S2:82|S3:83|RAIN:900",900,5103
LOG_1774686597013,2026-03-28T08:29:57.013Z,NODE_6_10,"S1:81|S2:82|S3:83|RAIN:900",900,5113
LOG_1774686597028,2026-03-28T08:29:57.028Z,NODE_6_11,"S1:81|S2:82|S3:83|RAIN:900",900,5120
LOG_1774686597043,2026-03-28T08:29:57.043Z,NODE_6_12,"S1:95|S2:96|S3:97|RAIN:100",100,5127
LOG_1774686597061,2026-03-28T08:29:57.061Z,NODE_6_13,"S1:95|S2:96|S3:97|RAIN:100",100,5138
LOG_1774686597077,2026-03-28T08:29:57.077Z,NODE_6_14,"S1:95|S2:96|S3:97|RAIN:100",100,5146
LOG_1774686597094,2026-03-28T08:29:57.094Z,NODE_6_15,"S1:95|S2:96|S3:97|RAIN:100",100,5156
LOG_1774686597108,2026-03-28T08:29:57.108Z,NODE_6_16,"S1:95|S2:96|S3:97|RAIN:100",100,5163
LOG_1774686597121,2026-03-28T08:29:57.121Z,NODE_6_17,"S1:95|S2:96|S3:97|RAIN:100",100,5168
LOG_1774686597132,2026-03-28T08:29:57.132Z,NODE_6_18,"S1:95|S2:96|S3:97|RAIN:100",100,5173
LOG_1774686597144,2026-03-28T08:29:57.144Z,NODE_6_19,"S1:95|S2:96|S3:97|RAIN:100",100,5179
LOG_1774686597155,2026-03-28T08:29:57.155Z,NODE_7_0,"S1:95|S2:96|S3:97|RAIN:100",100,5185
LOG_1774686597162,2026-03-28T08:29:57.162Z,NODE_7_1,"S1:95|S2:96|S3:97|RAIN:100",100,5186
LOG_1774686597174,2026-03-28T08:29:57.174Z,NODE_7_2,"S1:95|S2:96|S3:97|RAIN:100",100,5191
LOG_1774686597186,2026-03-28T08:29:57.186Z,NODE_7_3,"S1:95|S2:96|S3:97|RAIN:100",100,5197
LOG_1774686597199,2026-03-28T08:29:57.200Z,NODE_7_4,"S1:95|S2:96|S3:97|RAIN:100",100,5204
LOG_1774686597212,2026-03-28T08:29:57.212Z,NODE_7_5,"S1:95|S2:96|S3:97|RAIN:100",100,5210
LOG_1774686597233,2026-03-28T08:29:57.233Z,NODE_7_6,"S1:95|S2:96|S3:97|RAIN:100",100,5225
LOG_1774686597251,2026-03-28T08:29:57.251Z,NODE_7_7,"S1:95|S2:96|S3:97|RAIN:100",100,5236
LOG_1774686597265,2026-03-28T08:29:57.265Z,NODE_7_8,"S1:81|S2:82|S3:83|RAIN:900",900,5242
LOG_1774686597280,2026-03-28T08:29:57.280Z,NODE_7_9,"S1:81|S2:82|S3:83|RAIN:900",900,5249
LOG_1774686597292,2026-03-28T08:29:57.292Z,NODE_7_10,"S1:81|S2:82|S3:83|RAIN:900",900,5253
LOG_1774686597305,2026-03-28T08:29:57.305Z,NODE_7_11,"S1:95|S2:96|S3:97|RAIN:100",100,5259
LOG_1774686597315,2026-03-28T08:29:57.315Z,NODE_7_12,"S1:95|S2:96|S3:97|RAIN:100",100,5261
LOG_1774686597322,2026-03-28T08:29:57.322Z,NODE_7_13,"S1:95|S2:96|S3:97|RAIN:100",100,5262
LOG_1774686597331,2026-03-28T08:29:57.331Z,NODE_7_14,"S1:95|S2:96|S3:97|RAIN:100",100,5264
LOG_1774686597345,2026-03-28T08:29:57.345Z,NODE_7_15,"S1:95|S2:96|S3:97|RAIN:100",100,5271
LOG_1774686597361,2026-03-28T08:29:57.361Z,NODE_7_16,"S1:95|S2:96|S3:97|RAIN:100",100,5280
LOG_1774686597378,2026-03-28T08:29:57.378Z,NODE_7_17,"S1:95|S2:96|S3:97|RAIN:100",100,5288
LOG_1774686597392,2026-03-28T08:29:57.392Z,NODE_7_18,"S1:95|S2:96|S3:97|RAIN:100",100,5295
LOG_1774686597407,2026-03-28T08:29:57.407Z,NODE_7_19,"S1:95|S2:96|S3:97|RAIN:100",100,5303
LOG_1774686597421,2026-03-28T08:29:57.421Z,NODE_8_0,"S1:95|S2:96|S3:97|RAIN:100",100,5310
LOG_1774686597436,2026-03-28T08:29:57.436Z,NODE_8_1,"S1:95|S2:96|S3:97|RAIN:100",100,5318
LOG_1774686597452,2026-03-28T08:29:57.452Z,NODE_8_2,"S1:95|S2:96|S3:97|RAIN:100",100,5327
LOG_1774686597468,2026-03-28T08:29:57.468Z,NODE_8_3,"S1:95|S2:96|S3:97|RAIN:100",100,5336
LOG_1774686597486,2026-03-28T08:29:57.486Z,NODE_8_4,"S1:95|S2:96|S3:97|RAIN:100",100,5347
LOG_1774686597502,2026-03-28T08:29:57.502Z,NODE_8_5,"S1:95|S2:96|S3:97|RAIN:100",100,5357
LOG_1774686597515,2026-03-28T08:29:57.515Z,NODE_8_6,"S1:95|S2:96|S3:97|RAIN:100",100,5363
LOG_1774686597528,2026-03-28T08:29:57.528Z,NODE_8_7,"S1:95|S2:96|S3:97|RAIN:100",100,5370
LOG_1774686597543,2026-03-28T08:29:57.543Z,NODE_8_8,"S1:81|S2:82|S3:83|RAIN:900",900,5379
LOG_1774686597557,2026-03-28T08:29:57.557Z,NODE_8_9,"S1:81|S2:82|S3:83|RAIN:900",900,5387
LOG_1774686597571,2026-03-28T08:29:57.571Z,NODE_8_10,"S1:95|S2:96|S3:97|RAIN:100",100,5395
LOG_1774686597587,2026-03-28T08:29:57.587Z,NODE_8_11,"S1:95|S2:96|S3:97|RAIN:100",100,5404
LOG_1774686597600,2026-03-28T08:29:57.600Z,NODE_8_12,"S1:95|S2:96|S3:97|RAIN:100",100,5410
LOG_1774686597616,2026-03-28T08:29:57.616Z,NODE_8_13,"S1:95|S2:96|S3:97|RAIN:100",100,5419
LOG_1774686597630,2026-03-28T08:29:57.630Z,NODE_8_14,"S1:95|S2:96|S3:97|RAIN:100",100,5425
LOG_1774686597645,2026-03-28T08:29:57.645Z,NODE_8_15,"S1:95|S2:96|S3:97|RAIN:100",100,5434
LOG_1774686597660,2026-03-28T08:29:57.660Z,NODE_8_16,"S1:95|S2:96|S3:97|RAIN:100",100,5443
LOG_1774686597674,2026-03-28T08:29:57.674Z,NODE_8_17,"S1:95|S2:96|S3:97|RAIN:100",100,5451
LOG_1774686597688,2026-03-28T08:29:57.688Z,NODE_8_18,"S1:95|S2:96|S3:97|RAIN:100",100,5459
LOG_1774686597702,2026-03-28T08:29:57.702Z,NODE_8_19,"S1:95|S2:96|S3:97|RAIN:100",100,5467
LOG_1774686597718,2026-03-28T08:29:57.718Z,NODE_9_0,"S1:95|S2:96|S3:97|RAIN:100",100,5476
LOG_1774686597736,2026-03-28T08:29:57.736Z,NODE_9_1,"S1:95|S2:96|S3:97|RAIN:100",100,5480
LOG_1774686597751,2026-03-28T08:29:57.751Z,NODE_9_2,"S1:95|S2:96|S3:97|RAIN:100",100,5485
LOG_1774686597759,2026-03-28T08:29:57.759Z,NODE_9_3,"S1:95|S2:96|S3:97|RAIN:100",100,5489
LOG_1774686597770,2026-03-28T08:29:57.770Z,NODE_9_4,"S1:95|S2:96|S3:97|RAIN:100",100,5496
LOG_1774686597774,2026-03-28T08:29:57.774Z,NODE_9_5,"S1:95|S2:96|S3:97|RAIN:100",100,5487
LOG_1774686597783,2026-03-28T08:29:57.783Z,NODE_9_6,"S1:95|S2:96|S3:97|RAIN:100",100,5491
LOG_1774686597789,2026-03-28T08:29:57.789Z,NODE_9_7,"S1:81|S2:82|S3:83|RAIN:900",900,5493
LOG_1774686597796,2026-03-28T08:29:57.796Z,NODE_9_8,"S1:81|S2:82|S3:83|RAIN:900",900,5496
LOG_1774686597807,2026-03-28T08:29:57.807Z,NODE_9_9,"S1:81|S2:82|S3:83|RAIN:900",900,5500
LOG_1774686597819,2026-03-28T08:29:57.819Z,NODE_9_10,"S1:95|S2:96|S3:97|RAIN:100",100,5503
LOG_1774686597830,2026-03-28T08:29:57.830Z,NODE_9_11,"S1:95|S2:96|S3:97|RAIN:100",100,5510
LOG_1774686597841,2026-03-28T08:29:57.841Z,NODE_9_12,"S1:95|S2:96|S3:97|RAIN:100",100,5518
LOG_1774686597855,2026-03-28T08:29:57.855Z,NODE_9_13,"S1:95|S2:96|S3:97|RAIN:100",100,5529
LOG_1774686597866,2026-03-28T08:29:57.866Z,NODE_9_14,"S1:95|S2:96|S3:97|RAIN:100",100,5535
LOG_1774686597876,2026-03-28T08:29:57.876Z,NODE_9_15,"S1:95|S2:96|S3:97|RAIN:100",100,5542
LOG_1774686597890,2026-03-28T08:29:57.890Z,NODE_9_16,"S1:95|S2:96|S3:97|RAIN:100",100,5552
LOG_1774686597903,2026-03-28T08:29:57.903Z,NODE_9_17,"S1:95|S2:96|S3:97|RAIN:100",100,5560
LOG_1774686597915,2026-03-28T08:29:57.915Z,NODE_9_18,"S1:95|S2:96|S3:97|RAIN:100",100,5569
LOG_1774686597927,2026-03-28T08:29:57.927Z,NODE_9_19,"S1:95|S2:96|S3:97|RAIN:100",100,5577
LOG_1774686597943,2026-03-28T08:29:57.943Z,NODE_10_0,"S1:95|S2:96|S3:97|RAIN:100",100,5591
LOG_1774686597958,2026-03-28T08:29:57.958Z,NODE_10_1,"S1:95|S2:96|S3:97|RAIN:100",100,5603
LOG_1774686597973,2026-03-28T08:29:57.973Z,NODE_10_2,"S1:95|S2:96|S3:97|RAIN:100",100,5614
LOG_1774686597990,2026-03-28T08:29:57.990Z,NODE_10_3,"S1:95|S2:96|S3:97|RAIN:100",100,5626
LOG_1774686598003,2026-03-28T08:29:58.003Z,NODE_10_4,"S1:95|S2:96|S3:97|RAIN:100",100,5636
LOG_1774686598021,2026-03-28T08:29:58.021Z,NODE_10_5,"S1:95|S2:96|S3:97|RAIN:100",100,5648
LOG_1774686598036,2026-03-28T08:29:58.036Z,NODE_10_6,"S1:95|S2:96|S3:97|RAIN:100",100,5658
LOG_1774686598051,2026-03-28T08:29:58.051Z,NODE_10_7,"S1:81|S2:82|S3:83|RAIN:900",900,5668
LOG_1774686598066,2026-03-28T08:29:58.066Z,NODE_10_8,"S1:81|S2:82|S3:83|RAIN:900",900,5679
LOG_1774686598084,2026-03-28T08:29:58.084Z,NODE_10_9,"S1:81|S2:82|S3:83|RAIN:900",900,5694
LOG_1774686598100,2026-03-28T08:29:58.100Z,NODE_10_10,"S1:95|S2:96|S3:97|RAIN:100",100,5706
LOG_1774686598116,2026-03-28T08:29:58.116Z,NODE_10_11,"S1:95|S2:96|S3:97|RAIN:100",100,5717
LOG_1774686598128,2026-03-28T08:29:58.128Z,NODE_10_12,"S1:95|S2:96|S3:97|RAIN:100",100,5726
LOG_1774686598142,2026-03-28T08:29:58.142Z,NODE_10_13,"S1:95|S2:96|S3:97|RAIN:100",100,5736
LOG_1774686598155,2026-03-28T08:29:58.155Z,NODE_10_14,"S1:95|S2:96|S3:97|RAIN:100",100,5746
LOG_1774686598165,2026-03-28T08:29:58.165Z,NODE_10_15,"S1:95|S2:96|S3:97|RAIN:100",100,5753
LOG_1774686598180,2026-03-28T08:29:58.180Z,NODE_10_16,"S1:95|S2:96|S3:97|RAIN:100",100,5765
LOG_1774686598192,2026-03-28T08:29:58.193Z,NODE_10_17,"S1:95|S2:96|S3:97|RAIN:100",100,5773
LOG_1774686598207,2026-03-28T08:29:58.207Z,NODE_10_18,"S1:95|S2:96|S3:97|RAIN:100",100,5785
LOG_1774686598224,2026-03-28T08:29:58.224Z,NODE_10_19,"S1:95|S2:96|S3:97|RAIN:100",100,5798
LOG_1774686598244,2026-03-28T08:29:58.244Z,NODE_11_0,"S1:95|S2:96|S3:97|RAIN:100",100,5815
LOG_1774686598262,2026-03-28T08:29:58.262Z,NODE_11_1,"S1:95|S2:96|S3:97|RAIN:100",100,5829
LOG_1774686598280,2026-03-28T08:29:58.280Z,NODE_11_2,"S1:95|S2:96|S3:97|RAIN:100",100,5845
LOG_1774686907370,2026-03-28T08:35:07.370Z,NODE_01,"S1:52.734",4034,3684
LOG_1774687926985,2026-03-28T08:52:06.985Z,NODE_01,"S1:51.136",4095,6658
LOG_1774688027236,2026-03-28T08:53:47.236Z,NODE_01,"S1:50.711",4095,3383
LOG_1774688293059,2026-03-28T08:58:13.059Z,NODE_0_0,"S1:95|S2:96|S3:97|RAIN:100",100,1697639
LOG_1774688294406,2026-03-28T08:58:14.406Z,NODE_0_1,"S1:95|S2:96|S3:97|RAIN:100",100,1698971
LOG_1774688295508,2026-03-28T08:58:15.508Z,NODE_0_2,"S1:95|S2:96|S3:97|RAIN:100",100,1700060
LOG_1774688297657,2026-03-28T08:58:17.657Z,NODE_0_3,"S1:95|S2:96|S3:97|RAIN:100",100,1702196
LOG_1774688298862,2026-03-28T08:58:18.862Z,NODE_0_4,"S1:95|S2:96|S3:97|RAIN:100",100,1703386
LOG_1774688299965,2026-03-28T08:58:19.965Z,NODE_0_5,"S1:95|S2:96|S3:97|RAIN:100",100,1704477
LOG_1774688301154,2026-03-28T08:58:21.154Z,NODE_0_6,"S1:95|S2:96|S3:97|RAIN:100",100,1705659
LOG_1774688302196,2026-03-28T08:58:22.196Z,NODE_0_7,"S1:95|S2:96|S3:97|RAIN:100",100,1706691
LOG_1774688303256,2026-03-28T08:58:23.256Z,NODE_0_8,"S1:95|S2:96|S3:97|RAIN:100",100,1707741
LOG_1774688304586,2026-03-28T08:58:24.586Z,NODE_0_9,"S1:89|S2:90|S3:91|RAIN:900",900,1709060
LOG_1774688305784,2026-03-28T08:58:25.784Z,NODE_0_10,"S1:87|S2:88|S3:89|RAIN:900",900,1710247
LOG_1774688306984,2026-03-28T08:58:26.984Z,NODE_0_11,"S1:87|S2:88|S3:89|RAIN:900",900,1711437
LOG_1774688308229,2026-03-28T08:58:28.229Z,NODE_0_12,"S1:95|S2:96|S3:97|RAIN:100",100,1712671
LOG_1774688309356,2026-03-28T08:58:29.356Z,NODE_0_13,"S1:95|S2:96|S3:97|RAIN:100",100,1713786
LOG_1774688310638,2026-03-28T08:58:30.638Z,NODE_0_14,"S1:95|S2:96|S3:97|RAIN:100",100,1715055
LOG_1774688311794,2026-03-28T08:58:31.794Z,NODE_0_15,"S1:95|S2:96|S3:97|RAIN:100",100,1716200
LOG_1774688313175,2026-03-28T08:58:33.175Z,NODE_0_16,"S1:95|S2:96|S3:97|RAIN:100",100,1717570
LOG_1774688314305,2026-03-28T08:58:34.305Z,NODE_0_17,"S1:95|S2:96|S3:97|RAIN:100",100,1718695
LOG_1774688315562,2026-03-28T08:58:35.562Z,NODE_0_18,"S1:95|S2:96|S3:97|RAIN:100",100,1719943
LOG_1774688316595,2026-03-28T08:58:36.595Z,NODE_0_19,"S1:95|S2:96|S3:97|RAIN:100",100,1720968
LOG_1774688317618,2026-03-28T08:58:37.618Z,NODE_1_0,"S1:95|S2:96|S3:97|RAIN:100",100,1721980
LOG_1774688318699,2026-03-28T08:58:38.699Z,NODE_1_1,"S1:95|S2:96|S3:97|RAIN:100",100,1723049
LOG_1774688322745,2026-03-28T08:58:42.745Z,NODE_1_2,"S1:95|S2:96|S3:97|RAIN:100",100,1727081
LOG_1774688324567,2026-03-28T08:58:44.567Z,NODE_1_3,"S1:95|S2:96|S3:97|RAIN:100",100,1728891
LOG_1774688326525,2026-03-28T08:58:46.525Z,NODE_1_4,"S1:95|S2:96|S3:97|RAIN:100",100,1730838
LOG_1774688327613,2026-03-28T08:58:47.613Z,NODE_1_5,"S1:95|S2:96|S3:97|RAIN:100",100,1731915
LOG_1774688328848,2026-03-28T08:58:48.848Z,NODE_1_6,"S1:95|S2:96|S3:97|RAIN:100",100,1733139
LOG_1774688329998,2026-03-28T08:58:49.998Z,NODE_1_7,"S1:95|S2:96|S3:97|RAIN:100",100,1734277
LOG_1774688331568,2026-03-28T08:58:51.568Z,NODE_1_8,"S1:95|S2:96|S3:97|RAIN:100",100,1735834
LOG_1774688333854,2026-03-28T08:58:53.854Z,NODE_1_9,"S1:95|S2:96|S3:97|RAIN:100",100,1738048
LOG_1774688337695,2026-03-28T08:58:57.695Z,NODE_1_10,"S1:73|S2:74|S3:75|RAIN:900",900,1741875
LOG_1774688339501,2026-03-28T08:58:59.501Z,NODE_1_11,"S1:71|S2:72|S3:73|RAIN:900",900,1743670
LOG_1774688342145,2026-03-28T08:59:02.145Z,NODE_1_12,"S1:71|S2:72|S3:73|RAIN:900",900,1746305
LOG_1774688343607,2026-03-28T08:59:03.607Z,NODE_1_13,"S1:90.5|S2:91.5|S3:92.5|RAIN:100",100,1747759
LOG_1774688345393,2026-03-28T08:59:05.393Z,NODE_1_14,"S1:90.5|S2:91.5|S3:92.5|RAIN:100",100,1749538
LOG_1774688347024,2026-03-28T08:59:07.024Z,NODE_1_15,"S1:89|S2:90|S3:91|RAIN:100",100,1751160
LOG_1774688348596,2026-03-28T08:59:08.596Z,NODE_1_16,"S1:89|S2:90|S3:91|RAIN:100",100,1752725
LOG_1774688350129,2026-03-28T08:59:10.129Z,NODE_1_17,"S1:87.5|S2:88.5|S3:89.5|RAIN:100",100,1754252
LOG_1774688351688,2026-03-28T08:59:11.688Z,NODE_1_18,"S1:87.5|S2:88.5|S3:89.5|RAIN:100",100,1755802
LOG_1774688353139,2026-03-28T08:59:13.139Z,NODE_1_19,"S1:87.5|S2:88.5|S3:89.5|RAIN:100",100,1757246
LOG_1774688354568,2026-03-28T08:59:14.568Z,NODE_2_0,"S1:86|S2:87|S3:88|RAIN:100",100,1758663
LOG_1774688356307,2026-03-28T08:59:16.307Z,NODE_2_1,"S1:86|S2:87|S3:88|RAIN:100",100,1760392
LOG_1774688358144,2026-03-28T08:59:18.144Z,NODE_2_2,"S1:84.5|S2:85.5|S3:86.5|RAIN:100",100,1762220
LOG_1774688359936,2026-03-28T08:59:19.936Z,NODE_2_3,"S1:84.5|S2:85.5|S3:86.5|RAIN:100",100,1764001
LOG_1774688361614,2026-03-28T08:59:21.614Z,NODE_2_4,"S1:84.5|S2:85.5|S3:86.5|RAIN:100",100,1765668
LOG_1774688363203,2026-03-28T08:59:23.203Z,NODE_2_5,"S1:83|S2:84|S3:85|RAIN:100",100,1767244
LOG_1774688364835,2026-03-28T08:59:24.835Z,NODE_2_6,"S1:83|S2:84|S3:85|RAIN:100",100,1768862
LOG_1774688366473,2026-03-28T08:59:26.473Z,NODE_2_7,"S1:81.5|S2:82.5|S3:83.5|RAIN:100",100,1770487
LOG_1774688368375,2026-03-28T08:59:28.375Z,NODE_2_8,"S1:81.5|S2:82.5|S3:83.5|RAIN:100",100,1772378
LOG_1774688370866,2026-03-28T08:59:30.866Z,NODE_2_9,"S1:80|S2:81|S3:82|RAIN:100",100,1774858
LOG_1774688373258,2026-03-28T08:59:33.258Z,NODE_2_10,"S1:80|S2:81|S3:82|RAIN:100",100,1777236
LOG_1774688376012,2026-03-28T08:59:36.012Z,NODE_2_11,"S1:53|S2:54|S3:55|RAIN:900",900,1779978
LOG_1774688378581,2026-03-28T08:59:38.581Z,NODE_2_12,"S1:51|S2:52|S3:53|RAIN:900",900,1782537
LOG_1774688381192,2026-03-28T08:59:41.192Z,NODE_2_13,"S1:51|S2:52|S3:53|RAIN:900",900,1785136
LOG_1774688383816,2026-03-28T08:59:43.816Z,NODE_2_14,"S1:75.5|S2:76.5|S3:77.5|RAIN:100",100,1787748
LOG_1774688386506,2026-03-28T08:59:46.506Z,NODE_2_15,"S1:75.5|S2:76.5|S3:77.5|RAIN:100",100,1790429
LOG_1774688389169,2026-03-28T08:59:49.169Z,NODE_2_16,"S1:74|S2:75|S3:76|RAIN:100",100,1793081
LOG_1774688391754,2026-03-28T08:59:51.754Z,NODE_2_17,"S1:72.5|S2:73.5|S3:74.5|RAIN:100",100,1795653
LOG_1774688394544,2026-03-28T08:59:54.544Z,NODE_2_18,"S1:72.5|S2:73.5|S3:74.5|RAIN:100",100,1798431
LOG_1774688397290,2026-03-28T08:59:57.290Z,NODE_2_19,"S1:71|S2:72|S3:73|RAIN:100",100,1801165
LOG_1774688399911,2026-03-28T08:59:59.911Z,NODE_3_0,"S1:69.5|S2:70.5|S3:71.5|RAIN:100",100,1803770
LOG_1774688404162,2026-03-28T09:00:04.162Z,NODE_3_1,"S1:69.5|S2:70.5|S3:71.5|RAIN:100",100,1808011
LOG_1774688410041,2026-03-28T09:00:10.041Z,NODE_3_2,"S1:66.5|S2:67.5|S3:68.5|RAIN:100",100,1813881
LOG_1774688413521,2026-03-28T09:00:13.521Z,NODE_3_3,"S1:65|S2:66|S3:67|RAIN:100",100,1817348
LOG_1774688415753,2026-03-28T09:00:15.753Z,NODE_3_4,"S1:63.5|S2:64.5|S3:65.5|RAIN:100",100,1819571
LOG_1774688420805,2026-03-28T09:00:20.805Z,NODE_3_5,"S1:63.5|S2:64.5|S3:65.5|RAIN:100",100,1824613
LOG_1774688425738,2026-03-28T09:00:25.738Z,NODE_3_6,"S1:60.5|S2:61.5|S3:62.5|RAIN:100",100,1829535
LOG_1774688431029,2026-03-28T09:00:31.029Z,NODE_3_7,"S1:59|S2:60|S3:61|RAIN:100",100,1834814
LOG_1774688434888,2026-03-28T09:00:34.888Z,NODE_3_8,"S1:57.5|S2:58.5|S3:59.5|RAIN:100",100,1838663
LOG_1774688439825,2026-03-28T09:00:39.825Z,NODE_3_9,"S1:56|S2:57|S3:58|RAIN:100",100,1843587
LOG_1774688446494,2026-03-28T09:00:46.494Z,NODE_3_10,"S1:54.5|S2:55.5|S3:56.5|RAIN:100",100,1850191
LOG_1774688452855,2026-03-28T09:00:52.855Z,NODE_3_11,"RAIN:900",900,1856543
LOG_1774688464996,2026-03-28T09:01:04.996Z,NODE_3_12,"RAIN:900",900,1868675
LOG_1774688472551,2026-03-28T09:01:12.551Z,NODE_3_13,"RAIN:900",900,1876222
LOG_1774688479537,2026-03-28T09:01:19.537Z,NODE_3_14,"RAIN:100",100,1883198
LOG_1774688483916,2026-03-28T09:01:23.916Z,NODE_3_15,"RAIN:100",100,1887567
LOG_1774688490348,2026-03-28T09:01:30.348Z,NODE_3_16,"RAIN:100",100,1893990
LOG_1774688498258,2026-03-28T09:01:38.258Z,NODE_3_17,"RAIN:100",100,1901889
LOG_1774688505811,2026-03-28T09:01:45.811Z,NODE_3_18,"RAIN:100",100,1909431
LOG_1774688514206,2026-03-28T09:01:54.206Z,NODE_3_19,"RAIN:100",100,1917816
LOG_1774688520059,2026-03-28T09:02:00.059Z,NODE_4_0,"RAIN:100",100,1923659
LOG_1774688524359,2026-03-28T09:02:04.359Z,NODE_4_1,"RAIN:100",100,1927949
LOG_1774688532587,2026-03-28T09:02:12.587Z,NODE_4_2,"RAIN:100",100,1936165
LOG_1774688540885,2026-03-28T09:02:20.885Z,NODE_4_3,"RAIN:100",100,1944451
LOG_1774688548180,2026-03-28T09:02:28.180Z,NODE_4_4,"RAIN:100",100,1951733
LOG_1774688551103,2026-03-28T09:02:31.103Z,NODE_4_5,"RAIN:100",100,1954644
LOG_1774688560616,2026-03-28T09:02:40.616Z,NODE_4_6,"RAIN:100",100,1964145
LOG_1774688569463,2026-03-28T09:02:49.463Z,NODE_4_7,"RAIN:100",100,1972988
LOG_1774688574292,2026-03-28T09:02:54.292Z,NODE_4_8,"RAIN:100",100,1977812
LOG_1774688585915,2026-03-28T09:03:05.915Z,NODE_01,"S3:56.491",4095,8650
LOG_1774688585980,2026-03-28T09:03:05.980Z,NODE_4_9,"RAIN:100",100,1989495
LOG_1774688595960,2026-03-28T09:03:15.960Z,NODE_4_10,"RAIN:100",100,1999471
LOG_1774688606255,2026-03-28T09:03:26.255Z,NODE_4_11,"RAIN:900",900,2009762
LOG_1774688616698,2026-03-28T09:03:36.698Z,NODE_4_12,"RAIN:900",900,2020199
LOG_1774688631142,2026-03-28T09:03:51.142Z,NODE_4_13,"RAIN:900",900,2034639
LOG_1774688645670,2026-03-28T09:04:05.670Z,NODE_4_14,"RAIN:100",100,2049161
LOG_1774688655636,2026-03-28T09:04:15.636Z,NODE_4_15,"RAIN:100",100,2059119
LOG_1774688673925,2026-03-28T09:04:33.925Z,NODE_4_16,"RAIN:100",100,2077400
LOG_1774688691487,2026-03-28T09:04:51.487Z,NODE_4_17,"RAIN:100",100,2094953
LOG_1774688703762,2026-03-28T09:05:03.762Z,NODE_4_18,"RAIN:100",100,2107219
LOG_1774688713767,2026-03-28T09:05:13.767Z,NODE_4_19,"RAIN:100",100,2117214
LOG_1774688736722,2026-03-28T09:05:36.722Z,NODE_5_0,"RAIN:100",100,2140159
LOG_1774688745124,2026-03-28T09:05:45.124Z,NODE_5_1,"RAIN:100",100,2148550
LOG_1774688761856,2026-03-28T09:06:01.856Z,NODE_5_2,"RAIN:100",100,2165271
LOG_1774688783985,2026-03-28T09:06:23.985Z,NODE_5_3,"RAIN:100",100,2187389
LOG_1774688793503,2026-03-28T09:06:33.503Z,NODE_5_4,"RAIN:100",100,2196897
LOG_1774688818762,2026-03-28T09:06:58.762Z,NODE_5_5,"RAIN:100",100,2222148
LOG_1774688996703,2026-03-28T09:09:56.703Z,NODE_01,"S3:57.018",4095,11659
LOG_1774689033323,2026-03-28T09:10:33.323Z,NODE_01,"S1:97.767|S3:57.001",4095,6122
LOG_1774689514171,2026-03-28T09:18:34.171Z,NODE_01,"S3:127.007",4095,10795
LOG_1774689603596,2026-03-28T09:20:03.596Z,NODE_01,"S3:99.858",4095,6176
LOG_1774689691757,2026-03-28T09:21:31.757Z,NODE_01,"S2:92.905",4095,3336
LOG_1774689701156,2026-03-28T09:21:41.156Z,NODE_01,"S2:104.72",4095,4057
